Date,Year,Month,Day,Time,Temperature,Humidity
2022-07-18 16:48:32.839391,2022,7,18,16:48:32,33.0,25.0
2022-07-18 17:03:33.364782,2022,7,18,17:03:33,34.0,28.0
2022-07-18 17:18:33.890008,2022,7,18,17:18:33,34.0,27.0
2022-07-18 17:33:34.415208,2022,7,18,17:33:34,17.0,141.0
2022-07-18 17:48:34.940317,2022,7,18,17:48:34,34.0,28.0
2022-07-18 18:03:35.465421,2022,7,18,18:03:35,34.0,27.0
2022-07-18 18:18:35.990456,2022,7,18,18:18:35,17.0,141.0
2022-07-18 18:33:36.515636,2022,7,18,18:33:36,34.0,24.0
2022-07-18 18:48:37.040932,2022,7,18,18:48:37,34.0,23.0
2022-07-18 19:03:37.566276,2022,7,18,19:03:37,34.0,26.0
2022-07-18 19:18:38.091549,2022,7,18,19:18:38,34.0,28.0
2022-07-18 19:33:38.616786,2022,7,18,19:33:38,34.0,28.0
2022-07-18 19:48:39.141928,2022,7,18,19:48:39,34.0,28.0
2022-07-18 20:03:39.667164,2022,7,18,20:03:39,34.0,29.0
2022-07-18 20:18:40.192533,2022,7,18,20:18:40,34.0,29.0
2022-07-18 20:33:40.717975,2022,7,18,20:33:40,34.0,30.0
2022-07-18 20:48:41.243442,2022,7,18,20:48:41,34.0,31.0
2022-07-18 21:03:41.768498,2022,7,18,21:03:41,34.0,32.0
2022-07-18 21:18:42.293780,2022,7,18,21:18:42,34.0,31.0
2022-07-19 07:42:09.845846,2022,7,19,07:42:09,34.0,30.0
2022-07-19 07:57:10.371488,2022,7,19,07:57:10,31.0,40.0
2022-07-19 08:12:10.897407,2022,7,19,08:12:10,31.0,39.0
2022-07-19 08:27:11.423027,2022,7,19,08:27:11,32.0,39.0
2022-07-19 08:42:11.948790,2022,7,19,08:42:11,32.0,39.0
2022-07-19 08:57:12.474260,2022,7,19,08:57:12,32.0,39.0
2022-07-19 09:12:12.999675,2022,7,19,09:12:12,32.0,38.0
2022-07-19 09:27:13.525241,2022,7,19,09:27:13,32.0,38.0
2022-07-19 09:42:14.050909,2022,7,19,09:42:14,32.0,38.0
2022-07-19 09:57:14.576450,2022,7,19,09:57:14,32.0,37.0
2022-07-19 10:12:15.102173,2022,7,19,10:12:15,32.0,37.0
2022-07-19 10:27:15.628063,2022,7,19,10:27:15,33.0,38.0
2022-07-19 10:42:16.153838,2022,7,19,10:42:16,33.0,37.0
2022-07-19 10:57:16.679340,2022,7,19,10:57:16,33.0,37.0
2022-07-19 11:12:17.205229,2022,7,19,11:12:17,33.0,37.0
2022-07-19 11:27:17.731049,2022,7,19,11:27:17,33.0,36.0
2022-07-19 11:42:18.256600,2022,7,19,11:42:18,33.0,36.0
2022-07-19 11:57:18.782060,2022,7,19,11:57:18,33.0,36.0
2022-07-19 12:12:19.307600,2022,7,19,12:12:19,33.0,35.0
2022-07-19 12:27:19.833162,2022,7,19,12:27:19,33.0,35.0
2022-07-19 12:42:20.358848,2022,7,19,12:42:20,34.0,35.0
2022-07-19 12:57:20.884234,2022,7,19,12:57:20,34.0,34.0
2022-07-19 13:12:21.409448,2022,7,19,13:12:21,34.0,34.0
2022-07-19 13:27:21.934595,2022,7,19,13:27:21,34.0,33.0
2022-07-19 13:42:22.459823,2022,7,19,13:42:22,34.0,33.0
2022-07-19 13:57:22.985022,2022,7,19,13:57:22,34.0,33.0
2022-07-19 14:12:23.510301,2022,7,19,14:12:23,34.0,33.0
2022-07-19 14:27:24.035606,2022,7,19,14:27:24,34.0,33.0
2022-07-19 14:42:24.561766,2022,7,19,14:42:24,34.0,33.0
2022-07-19 14:57:25.087623,2022,7,19,14:57:25,34.0,33.0
2022-07-19 15:12:25.613381,2022,7,19,15:12:25,34.0,33.0
2022-07-19 15:27:26.138946,2022,7,19,15:27:26,34.0,33.0
2022-07-19 15:42:26.664540,2022,7,19,15:42:26,34.0,33.0
2022-07-19 15:57:27.190093,2022,7,19,15:57:27,34.0,33.0
2022-07-19 16:12:27.716059,2022,7,19,16:12:27,35.0,33.0
2022-07-19 16:27:28.241794,2022,7,19,16:27:28,35.0,32.0
2022-07-19 16:42:28.767202,2022,7,19,16:42:28,35.0,32.0
2022-07-19 16:57:29.292658,2022,7,19,16:57:29,35.0,32.0
2022-07-19 17:12:29.818089,2022,7,19,17:12:29,35.0,32.0
2022-07-19 17:27:30.343539,2022,7,19,17:27:30,35.0,32.0
2022-07-19 17:42:30.869037,2022,7,19,17:42:30,35.0,32.0
2022-07-19 17:57:31.394714,2022,7,19,17:57:31,35.0,31.0
2022-07-19 18:12:31.920262,2022,7,19,18:12:31,35.0,32.0
2022-07-19 18:27:32.446320,2022,7,19,18:27:32,35.0,31.0
2022-07-19 18:42:32.972465,2022,7,19,18:42:32,35.0,31.0
2022-07-19 18:57:33.498364,2022,7,19,18:57:33,35.0,32.0
2022-07-19 19:12:34.024073,2022,7,19,19:12:34,35.0,36.0
2022-07-19 19:27:37.077423,2022,7,19,19:27:37,35.0,32.0
2022-07-19 19:42:37.603271,2022,7,19,19:42:37,35.0,27.0
2022-07-19 19:57:38.128688,2022,7,19,19:57:38,35.0,36.0
2022-07-19 20:12:38.654164,2022,7,19,20:12:38,35.0,36.0
2022-07-19 20:27:39.179476,2022,7,19,20:27:39,36.0,37.0
2022-07-19 20:42:39.704683,2022,7,19,20:42:39,36.0,37.0
2022-07-19 20:57:40.230160,2022,7,19,20:57:40,35.0,38.0
2022-07-19 21:12:40.755275,2022,7,19,21:12:40,17.0,147.0
2022-07-19 21:27:41.280588,2022,7,19,21:27:41,35.0,38.0
2022-07-19 21:42:41.805923,2022,7,19,21:42:41,35.0,40.0
2022-07-19 21:57:42.331269,2022,7,19,21:57:42,35.0,41.0
2022-07-19 22:12:42.856827,2022,7,19,22:12:42,34.0,41.0
2022-07-19 22:27:43.382145,2022,7,19,22:27:43,34.0,39.0
2022-07-19 22:42:43.907530,2022,7,19,22:42:43,34.0,39.0
2022-07-19 22:57:46.960377,2022,7,19,22:57:46,34.0,41.0
2022-07-19 23:12:47.485806,2022,7,19,23:12:47,34.0,37.0
2022-07-19 23:27:48.011469,2022,7,19,23:27:48,34.0,44.0
2022-07-19 23:42:48.536900,2022,7,19,23:42:48,35.0,46.0
2022-07-19 23:57:49.062298,2022,7,19,23:57:49,35.0,48.0
2022-07-20 00:12:49.587893,2022,7,20,00:12:49,34.0,49.0
2022-07-20 00:27:52.643461,2022,7,20,00:27:52,34.0,48.0
2022-07-20 00:42:53.168918,2022,7,20,00:42:53,34.0,42.0
2022-07-20 00:57:53.694467,2022,7,20,00:57:53,34.0,43.0
2022-07-20 01:12:54.219894,2022,7,20,01:12:54,34.0,44.0
2022-07-20 01:27:54.745367,2022,7,20,01:27:54,34.0,42.0
2022-07-20 01:42:55.270690,2022,7,20,01:42:55,33.0,41.0
2022-07-20 01:57:55.795868,2022,7,20,01:57:55,33.0,41.0
2022-07-20 02:12:56.321150,2022,7,20,02:12:56,33.0,40.0
2022-07-20 02:27:56.846441,2022,7,20,02:27:56,33.0,41.0
2022-07-20 02:42:57.371724,2022,7,20,02:42:57,33.0,41.0
2022-07-20 02:57:57.897028,2022,7,20,02:57:57,33.0,42.0
2022-07-20 03:12:58.422313,2022,7,20,03:12:58,33.0,41.0
2022-07-20 03:27:58.947644,2022,7,20,03:27:58,33.0,40.0
2022-07-20 03:42:59.472995,2022,7,20,03:42:59,33.0,40.0
2022-07-20 03:57:59.998545,2022,7,20,03:57:59,32.0,39.0
2022-07-20 04:13:00.523960,2022,7,20,04:13:00,32.0,39.0
2022-07-20 04:28:01.049375,2022,7,20,04:28:01,32.0,40.0
2022-07-20 04:43:01.575867,2022,7,20,04:43:01,32.0,40.0
2022-07-20 04:58:02.101325,2022,7,20,04:58:02,32.0,40.0
2022-07-20 05:13:02.626790,2022,7,20,05:13:02,32.0,40.0
2022-07-20 05:28:03.152139,2022,7,20,05:28:03,32.0,41.0
2022-07-20 05:43:03.677717,2022,7,20,05:43:03,32.0,41.0
2022-07-20 05:58:04.203546,2022,7,20,05:58:04,32.0,41.0
2022-07-20 06:13:04.729503,2022,7,20,06:13:04,32.0,41.0
2022-07-20 06:28:05.255451,2022,7,20,06:28:05,32.0,41.0
2022-07-20 06:43:05.781190,2022,7,20,06:43:05,32.0,40.0
2022-07-20 06:58:06.306818,2022,7,20,06:58:06,32.0,43.0
2022-07-20 07:13:06.832027,2022,7,20,07:13:06,32.0,44.0
2022-07-20 07:28:07.357234,2022,7,20,07:28:07,33.0,43.0
2022-07-20 07:43:07.882435,2022,7,20,07:43:07,33.0,43.0
2022-07-20 07:58:08.407759,2022,7,20,07:58:08,32.0,42.0
2022-07-20 08:13:08.933065,2022,7,20,08:13:08,32.0,41.0
2022-07-20 08:28:09.458330,2022,7,20,08:28:09,32.0,40.0
2022-07-20 08:43:09.983940,2022,7,20,08:43:09,31.0,41.0
2022-07-20 08:58:10.509229,2022,7,20,08:58:10,31.0,40.0
2022-07-20 09:13:11.034604,2022,7,20,09:13:11,31.0,40.0
2022-07-20 09:28:14.087827,2022,7,20,09:28:14,31.0,39.0
2022-07-20 09:43:14.613117,2022,7,20,09:43:14,32.0,35.0
2022-07-20 09:58:15.138619,2022,7,20,09:58:15,31.0,40.0
2022-07-20 10:13:18.194807,2022,7,20,10:13:18,31.0,39.0
2022-07-20 10:28:18.720380,2022,7,20,10:28:18,31.0,34.0
2022-07-20 10:43:19.245751,2022,7,20,10:43:19,32.0,39.0
2022-07-20 10:58:19.771152,2022,7,20,10:58:19,32.0,38.0
2022-07-20 11:13:20.296468,2022,7,20,11:13:20,32.0,38.0
2022-07-20 11:28:20.822579,2022,7,20,11:28:20,32.0,38.0
2022-07-20 11:43:21.348144,2022,7,20,11:43:21,32.0,38.0
2022-07-20 11:58:21.873573,2022,7,20,11:58:21,32.0,38.0
2022-07-20 12:13:22.399129,2022,7,20,12:13:22,32.0,37.0
2022-07-20 12:28:22.924914,2022,7,20,12:28:22,32.0,37.0
2022-07-20 12:43:23.450687,2022,7,20,12:43:23,32.0,37.0
2022-07-20 12:58:23.976160,2022,7,20,12:58:23,32.0,37.0
2022-07-20 13:13:24.502088,2022,7,20,13:13:24,32.0,37.0
2022-07-20 13:28:25.027951,2022,7,20,13:28:25,32.0,37.0
2022-07-20 13:43:25.553655,2022,7,20,13:43:25,32.0,37.0
2022-07-20 13:58:26.079500,2022,7,20,13:58:26,32.0,37.0
2022-07-20 14:13:29.135645,2022,7,20,14:13:29,32.0,35.0
2022-07-20 14:28:29.661440,2022,7,20,14:28:29,32.0,30.0
2022-07-20 14:43:30.187325,2022,7,20,14:43:30,32.0,35.0
2022-07-20 14:58:30.713158,2022,7,20,14:58:30,32.0,35.0
2022-07-20 15:13:31.238875,2022,7,20,15:13:31,32.0,33.0
2022-07-20 15:28:31.764222,2022,7,20,15:28:31,32.0,34.0
2022-07-20 15:43:32.289492,2022,7,20,15:43:32,32.0,34.0
2022-07-20 15:58:32.814868,2022,7,20,15:58:32,32.0,34.0
2022-07-20 16:13:33.340387,2022,7,20,16:13:33,32.0,34.0
2022-07-20 16:28:33.865744,2022,7,20,16:28:33,32.0,34.0
2022-07-20 16:43:34.391062,2022,7,20,16:43:34,32.0,34.0
2022-07-20 16:58:34.916545,2022,7,20,16:58:34,32.0,34.0
2022-07-20 17:13:35.441972,2022,7,20,17:13:35,32.0,34.0
2022-07-20 17:28:35.967812,2022,7,20,17:28:35,32.0,34.0
2022-07-20 17:43:36.493626,2022,7,20,17:43:36,32.0,34.0
2022-07-20 17:58:37.019107,2022,7,20,17:58:37,32.0,34.0
2022-07-20 18:13:37.544565,2022,7,20,18:13:37,32.0,36.0
2022-07-20 18:28:38.070084,2022,7,20,18:28:38,32.0,35.0
2022-07-20 18:43:38.595411,2022,7,20,18:43:38,32.0,34.0
2022-07-20 18:58:41.648220,2022,7,20,18:58:41,33.0,37.0
2022-07-20 19:13:42.173557,2022,7,20,19:13:42,33.0,32.0
2022-07-20 19:28:42.699085,2022,7,20,19:28:42,33.0,37.0
2022-07-20 19:43:43.224673,2022,7,20,19:43:43,33.0,38.0
2022-07-20 19:58:43.750127,2022,7,20,19:58:43,33.0,40.0
2022-07-20 20:13:44.275587,2022,7,20,20:13:44,33.0,38.0
2022-07-20 20:28:44.801038,2022,7,20,20:28:44,33.0,38.0
2022-07-20 20:43:45.326191,2022,7,20,20:43:45,33.0,39.0
2022-07-20 20:58:45.851462,2022,7,20,20:58:45,33.0,39.0
2022-07-20 21:13:46.376686,2022,7,20,21:13:46,32.0,42.0
2022-07-20 21:28:46.901890,2022,7,20,21:28:46,32.0,42.0
2022-07-20 21:43:47.427052,2022,7,20,21:43:47,32.0,41.0
2022-07-20 21:58:47.952317,2022,7,20,21:58:47,32.0,43.0
2022-07-20 22:13:48.477714,2022,7,20,22:13:48,32.0,42.0
2022-07-20 22:28:49.003250,2022,7,20,22:28:49,32.0,41.0
2022-07-20 22:43:49.528725,2022,7,20,22:43:49,32.0,39.0
2022-07-20 22:58:50.054279,2022,7,20,22:58:50,32.0,39.0
2022-07-20 23:13:50.579480,2022,7,20,23:13:50,32.0,40.0
2022-07-20 23:28:51.104841,2022,7,20,23:28:51,31.0,42.0
2022-07-20 23:43:51.630068,2022,7,20,23:43:51,31.0,42.0
2022-07-20 23:58:52.155289,2022,7,20,23:58:52,31.0,42.0
2022-07-21 00:13:52.680745,2022,7,21,00:13:52,31.0,43.0
2022-07-21 00:28:53.207226,2022,7,21,00:28:53,32.0,43.0
2022-07-21 00:43:53.733075,2022,7,21,00:43:53,32.0,43.0
2022-07-21 00:58:54.259104,2022,7,21,00:58:54,31.0,43.0
2022-07-21 01:13:54.784490,2022,7,21,01:13:54,32.0,44.0
2022-07-21 01:28:55.309859,2022,7,21,01:28:55,32.0,44.0
2022-07-21 01:43:55.835153,2022,7,21,01:43:55,32.0,44.0
2022-07-21 01:58:56.360671,2022,7,21,01:58:56,31.0,44.0
2022-07-21 02:13:56.886343,2022,7,21,02:13:56,32.0,44.0
2022-07-21 02:28:57.412117,2022,7,21,02:28:57,31.0,45.0
2022-07-21 02:43:57.937892,2022,7,21,02:43:57,32.0,45.0
2022-07-21 02:58:58.463844,2022,7,21,02:58:58,32.0,45.0
2022-07-21 03:13:58.989988,2022,7,21,03:13:58,31.0,46.0
2022-07-21 03:28:59.516012,2022,7,21,03:28:59,31.0,47.0
2022-07-21 03:44:00.041784,2022,7,21,03:44:00,31.0,47.0
2022-07-21 03:59:00.567427,2022,7,21,03:59:00,31.0,46.0
2022-07-21 04:14:01.093028,2022,7,21,04:14:01,31.0,46.0
2022-07-21 04:29:01.618744,2022,7,21,04:29:01,31.0,47.0
2022-07-21 04:44:07.205679,2022,7,21,04:44:07,31.0,42.0
2022-07-21 04:59:07.731512,2022,7,21,04:59:07,31.0,41.0
2022-07-21 05:14:08.257655,2022,7,21,05:14:08,31.0,47.0
2022-07-21 05:29:08.783680,2022,7,21,05:29:08,31.0,46.0
2022-07-21 05:44:09.309624,2022,7,21,05:44:09,31.0,46.0
2022-07-21 05:59:09.835643,2022,7,21,05:59:09,31.0,46.0
2022-07-21 06:14:10.361244,2022,7,21,06:14:10,31.0,46.0
2022-07-21 06:29:10.886828,2022,7,21,06:29:10,31.0,46.0
2022-07-21 06:44:11.412433,2022,7,21,06:44:11,30.0,46.0
2022-07-21 06:59:11.938256,2022,7,21,06:59:11,30.0,47.0
2022-07-21 07:14:12.464222,2022,7,21,07:14:12,30.0,43.0
2022-07-21 07:29:12.990164,2022,7,21,07:29:12,31.0,43.0
2022-07-21 07:44:13.515393,2022,7,21,07:44:13,31.0,43.0
2022-07-21 07:59:14.040744,2022,7,21,07:59:14,30.0,44.0
2022-07-21 08:14:17.093897,2022,7,21,08:14:17,30.0,43.0
2022-07-21 08:29:17.619255,2022,7,21,08:29:17,30.0,38.0
2022-07-21 08:44:18.144811,2022,7,21,08:44:18,30.0,43.0
2022-07-21 08:59:18.670413,2022,7,21,08:59:18,30.0,42.0
2022-07-21 09:14:21.723534,2022,7,21,09:14:21,30.0,42.0
2022-07-21 09:29:22.249138,2022,7,21,09:29:22,30.0,37.0
2022-07-21 09:44:22.774914,2022,7,21,09:44:22,30.0,41.0
2022-07-21 09:59:23.300550,2022,7,21,09:59:23,30.0,41.0
2022-07-21 10:14:23.826000,2022,7,21,10:14:23,30.0,41.0
2022-07-21 10:29:24.351420,2022,7,21,10:29:24,30.0,42.0
2022-07-21 10:44:27.407653,2022,7,21,10:44:27,31.0,42.0
2022-07-21 10:59:27.933044,2022,7,21,10:59:27,31.0,37.0
2022-07-21 11:14:28.458599,2022,7,21,11:14:28,31.0,42.0
2022-07-21 11:29:28.984187,2022,7,21,11:29:28,31.0,42.0
2022-07-21 11:44:32.037290,2022,7,21,11:44:32,31.0,42.0
2022-07-21 11:59:32.562845,2022,7,21,11:59:32,31.0,37.0
2022-07-21 12:14:33.088416,2022,7,21,12:14:33,31.0,42.0
2022-07-21 12:29:33.613927,2022,7,21,12:29:33,31.0,41.0
2022-07-21 12:44:34.139360,2022,7,21,12:44:34,31.0,41.0
2022-07-21 12:59:34.664616,2022,7,21,12:59:34,31.0,42.0
2022-07-21 13:14:35.189901,2022,7,21,13:14:35,31.0,41.0
2022-07-21 13:29:35.715250,2022,7,21,13:29:35,31.0,41.0
2022-07-21 13:44:36.240651,2022,7,21,13:44:36,31.0,41.0
2022-07-21 13:59:36.766086,2022,7,21,13:59:36,31.0,42.0
2022-07-21 14:14:37.291497,2022,7,21,14:14:37,31.0,41.0
2022-07-21 14:29:37.816917,2022,7,21,14:29:37,31.0,41.0
2022-07-21 14:44:38.342353,2022,7,21,14:44:38,31.0,42.0
2022-07-21 14:59:38.867932,2022,7,21,14:59:38,31.0,42.0
2022-07-21 15:14:39.393324,2022,7,21,15:14:39,31.0,41.0
2022-07-21 15:29:39.918755,2022,7,21,15:29:39,31.0,42.0
2022-07-21 15:44:42.971886,2022,7,21,15:44:42,31.0,42.0
2022-07-21 15:59:43.497430,2022,7,21,15:59:43,31.0,37.0
2022-07-21 16:14:44.022844,2022,7,21,16:14:44,30.0,41.0
2022-07-21 16:29:44.548381,2022,7,21,16:29:44,30.0,41.0
2022-07-21 16:44:47.601466,2022,7,21,16:44:47,30.0,41.0
2022-07-21 16:59:48.127014,2022,7,21,16:59:48,30.0,36.0
2022-07-21 17:14:48.652621,2022,7,21,17:14:48,30.0,41.0
2022-07-21 17:29:49.178147,2022,7,21,17:29:49,30.0,41.0
2022-07-21 17:44:49.703505,2022,7,21,17:44:49,30.0,42.0
2022-07-21 17:59:50.229238,2022,7,21,17:59:50,30.0,42.0
2022-07-21 18:14:50.754841,2022,7,21,18:14:50,30.0,42.0
2022-07-21 18:29:51.280433,2022,7,21,18:29:51,30.0,42.0
2022-07-21 18:44:51.805812,2022,7,21,18:44:51,30.0,41.0
2022-07-21 18:59:52.331223,2022,7,21,18:59:52,30.0,41.0
2022-07-21 19:14:52.856663,2022,7,21,19:14:52,30.0,42.0
2022-07-21 19:29:53.382206,2022,7,21,19:29:53,30.0,41.0
2022-07-21 19:44:53.907750,2022,7,21,19:44:53,30.0,41.0
2022-07-21 19:59:54.433032,2022,7,21,19:59:54,30.0,41.0
2022-07-21 20:14:54.958568,2022,7,21,20:14:54,30.0,42.0
2022-07-21 20:29:55.484201,2022,7,21,20:29:55,30.0,41.0
2022-07-21 20:44:56.009533,2022,7,21,20:44:56,29.0,42.0
2022-07-21 20:59:56.535227,2022,7,21,20:59:56,29.0,42.0
2022-07-21 21:14:57.060875,2022,7,21,21:14:57,29.0,42.0
2022-07-21 21:29:57.586455,2022,7,21,21:29:57,29.0,42.0
2022-07-21 21:44:58.111743,2022,7,21,21:44:58,29.0,42.0
2022-07-21 21:59:58.637283,2022,7,21,21:59:58,29.0,42.0
2022-07-21 22:14:59.162837,2022,7,21,22:14:59,29.0,42.0
2022-07-21 22:29:59.688380,2022,7,21,22:29:59,29.0,42.0
2022-07-21 22:45:00.213939,2022,7,21,22:45:00,29.0,42.0
2022-07-21 23:00:00.739370,2022,7,21,23:00:00,29.0,42.0
2022-07-21 23:15:01.264616,2022,7,21,23:15:01,29.0,42.0
2022-07-21 23:30:01.789821,2022,7,21,23:30:01,29.0,42.0
2022-07-21 23:45:02.315129,2022,7,21,23:45:02,29.0,42.0
2022-07-22 00:00:02.840374,2022,7,22,00:00:02,29.0,42.0
2022-07-22 00:15:03.365638,2022,7,22,00:15:03,29.0,42.0
2022-07-22 00:30:03.890854,2022,7,22,00:30:03,28.0,41.0
2022-07-22 00:45:04.416161,2022,7,22,00:45:04,28.0,41.0
2022-07-22 01:00:04.941371,2022,7,22,01:00:04,28.0,41.0
2022-07-22 01:15:05.466827,2022,7,22,01:15:05,28.0,42.0
2022-07-22 01:30:05.992383,2022,7,22,01:30:05,28.0,42.0
2022-07-22 01:45:06.517536,2022,7,22,01:45:06,28.0,41.0
2022-07-22 02:00:07.042708,2022,7,22,02:00:07,28.0,41.0
2022-07-22 02:15:07.567887,2022,7,22,02:15:07,28.0,42.0
2022-07-22 02:30:10.623346,2022,7,22,02:30:10,28.0,42.0
2022-07-22 02:45:11.148791,2022,7,22,02:45:11,28.0,36.0
2022-07-22 03:00:14.204665,2022,7,22,03:00:14,28.0,42.0
2022-07-22 03:15:14.729925,2022,7,22,03:15:14,28.0,36.0
2022-07-22 03:30:17.785140,2022,7,22,03:30:17,28.0,42.0
2022-07-22 03:45:18.310399,2022,7,22,03:45:18,28.0,36.0
2022-07-22 04:00:18.835552,2022,7,22,04:00:18,28.0,36.0
2022-07-22 04:15:19.360854,2022,7,22,04:15:19,28.0,42.0
2022-07-22 04:30:19.886113,2022,7,22,04:30:19,28.0,42.0
2022-07-22 04:45:20.411399,2022,7,22,04:45:20,28.0,42.0
2022-07-22 05:00:20.936922,2022,7,22,05:00:20,27.0,41.0
2022-07-22 05:15:21.462491,2022,7,22,05:15:21,27.0,41.0
2022-07-22 05:30:24.515288,2022,7,22,05:30:24,27.0,41.0
2022-07-22 05:45:25.040778,2022,7,22,05:45:25,27.0,36.0
2022-07-22 06:00:25.566206,2022,7,22,06:00:25,27.0,41.0
2022-07-22 06:15:26.091651,2022,7,22,06:15:26,27.0,41.0
2022-07-22 06:30:29.147918,2022,7,22,06:30:29,27.0,41.0
2022-07-22 06:45:32.203764,2022,7,22,06:45:32,27.0,41.0
2022-07-22 07:00:32.729168,2022,7,22,07:00:32,27.0,36.0
2022-07-22 07:15:35.782171,2022,7,22,07:15:35,27.0,41.0
2022-07-22 07:30:36.307550,2022,7,22,07:30:36,27.0,36.0
2022-07-22 07:45:36.833025,2022,7,22,07:45:36,27.0,41.0
2022-07-22 08:00:37.358571,2022,7,22,08:00:37,27.0,41.0
2022-07-22 08:15:37.884072,2022,7,22,08:15:37,27.0,41.0
2022-07-22 08:30:38.409754,2022,7,22,08:30:38,27.0,41.0
2022-07-22 08:45:38.935188,2022,7,22,08:45:38,27.0,41.0
2022-07-22 09:00:39.460687,2022,7,22,09:00:39,27.0,41.0
2022-07-22 09:15:39.986109,2022,7,22,09:15:39,27.0,41.0
2022-07-22 09:30:40.511378,2022,7,22,09:30:40,27.0,41.0
2022-07-22 09:45:41.036884,2022,7,22,09:45:41,27.0,41.0
2022-07-22 10:00:41.562376,2022,7,22,10:00:41,27.0,41.0
2022-07-22 10:15:42.087635,2022,7,22,10:15:42,27.0,40.0
2022-07-22 10:30:42.612936,2022,7,22,10:30:42,27.0,40.0
2022-07-22 10:45:48.196973,2022,7,22,10:45:48,28.0,35.0
2022-07-22 11:00:48.722529,2022,7,22,11:00:48,28.0,35.0
2022-07-22 11:15:49.247966,2022,7,22,11:15:49,28.0,41.0
2022-07-22 11:30:49.773134,2022,7,22,11:30:49,28.0,40.0
2022-07-22 11:45:50.298435,2022,7,22,11:45:50,28.0,40.0
2022-07-22 12:00:50.823864,2022,7,22,12:00:50,28.0,40.0
2022-07-22 12:15:51.349058,2022,7,22,12:15:51,28.0,40.0
2022-07-22 12:30:51.874196,2022,7,22,12:30:51,28.0,40.0
2022-07-22 12:45:52.399356,2022,7,22,12:45:52,28.0,40.0
2022-07-22 13:00:55.452216,2022,7,22,13:00:55,28.0,40.0
2022-07-22 13:15:55.977602,2022,7,22,13:15:55,28.0,35.0
2022-07-22 13:30:56.502933,2022,7,22,13:30:56,28.0,40.0
2022-07-22 13:45:57.028194,2022,7,22,13:45:57,28.0,40.0
2022-07-22 14:00:57.553258,2022,7,22,14:00:57,28.0,40.0
2022-07-22 14:15:58.078413,2022,7,22,14:15:58,28.0,40.0
2022-07-22 14:30:58.603536,2022,7,22,14:30:58,28.0,40.0
2022-07-22 14:45:59.128720,2022,7,22,14:45:59,28.0,40.0
2022-07-22 15:00:59.653745,2022,7,22,15:00:59,28.0,40.0
2022-07-22 15:16:00.178894,2022,7,22,15:16:00,28.0,40.0
2022-07-22 15:31:00.703987,2022,7,22,15:31:00,28.0,40.0
2022-07-22 15:46:01.229294,2022,7,22,15:46:01,28.0,40.0
2022-07-22 16:01:01.754620,2022,7,22,16:01:01,28.0,40.0
2022-07-22 16:16:02.279917,2022,7,22,16:16:02,28.0,41.0
2022-07-22 16:31:02.805305,2022,7,22,16:31:02,28.0,40.0
2022-07-22 16:46:03.330739,2022,7,22,16:46:03,28.0,41.0
2022-07-22 17:01:03.856015,2022,7,22,17:01:03,28.0,40.0
2022-07-22 17:16:04.381262,2022,7,22,17:16:04,28.0,40.0
2022-07-22 17:31:04.906346,2022,7,22,17:31:04,28.0,40.0
2022-07-22 17:46:05.431526,2022,7,22,17:46:05,28.0,40.0
2022-07-22 18:01:05.956719,2022,7,22,18:01:05,28.0,40.0
2022-07-22 18:16:06.481985,2022,7,22,18:16:06,28.0,40.0
2022-07-22 18:31:07.007523,2022,7,22,18:31:07,28.0,41.0
2022-07-22 18:46:07.532644,2022,7,22,18:46:07,28.0,41.0
2022-07-22 19:01:08.057727,2022,7,22,19:01:08,28.0,40.0
2022-07-22 19:16:08.582927,2022,7,22,19:16:08,28.0,40.0
2022-07-22 19:31:09.108137,2022,7,22,19:31:09,28.0,40.0
2022-07-22 19:46:09.633506,2022,7,22,19:46:09,28.0,41.0
2022-07-22 20:01:10.158829,2022,7,22,20:01:10,28.0,41.0
2022-07-22 20:16:10.684098,2022,7,22,20:16:10,28.0,41.0
2022-07-22 20:31:11.209538,2022,7,22,20:31:11,27.0,40.0
2022-07-22 20:46:11.734991,2022,7,22,20:46:11,27.0,40.0
2022-07-22 21:01:12.260072,2022,7,22,21:01:12,28.0,41.0
2022-07-22 21:16:12.785251,2022,7,22,21:16:12,27.0,40.0
2022-07-22 21:31:13.310444,2022,7,22,21:31:13,27.0,40.0
2022-07-22 21:46:13.835791,2022,7,22,21:46:13,27.0,40.0
2022-07-22 22:01:14.361322,2022,7,22,22:01:14,27.0,40.0
2022-07-22 22:16:14.886925,2022,7,22,22:16:14,27.0,40.0
2022-07-22 22:31:15.412474,2022,7,22,22:31:15,27.0,41.0
2022-07-22 22:46:15.937933,2022,7,22,22:46:15,27.0,41.0
2022-07-22 23:01:16.463524,2022,7,22,23:01:16,27.0,41.0
2022-07-22 23:16:16.989062,2022,7,22,23:16:16,27.0,41.0
2022-07-22 23:31:20.044803,2022,7,22,23:31:20,27.0,41.0
2022-07-22 23:46:20.570254,2022,7,22,23:46:20,27.0,35.0
2022-07-23 00:01:21.095502,2022,7,23,00:01:21,27.0,41.0
2022-07-23 00:16:21.620731,2022,7,23,00:16:21,27.0,41.0
2022-07-23 00:31:22.146098,2022,7,23,00:31:22,27.0,41.0
2022-07-23 00:46:22.671470,2022,7,23,00:46:22,27.0,41.0
2022-07-23 01:01:23.196968,2022,7,23,01:01:23,27.0,41.0
2022-07-23 01:16:23.722496,2022,7,23,01:16:23,27.0,41.0
2022-07-23 01:31:24.248048,2022,7,23,01:31:24,27.0,41.0
2022-07-23 01:46:24.773337,2022,7,23,01:46:24,27.0,41.0
2022-07-23 02:01:25.298594,2022,7,23,02:01:25,27.0,42.0
2022-07-23 02:16:25.823845,2022,7,23,02:16:25,27.0,42.0
2022-07-23 02:31:26.349012,2022,7,23,02:31:26,27.0,42.0
2022-07-23 02:46:26.874253,2022,7,23,02:46:26,27.0,42.0
2022-07-23 03:01:27.399570,2022,7,23,03:01:27,27.0,42.0
2022-07-23 03:16:27.924782,2022,7,23,03:16:27,26.0,42.0
2022-07-23 03:31:28.449996,2022,7,23,03:31:28,26.0,42.0
2022-07-23 03:46:28.975349,2022,7,23,03:46:28,26.0,42.0
2022-07-23 04:01:29.500601,2022,7,23,04:01:29,26.0,42.0
2022-07-23 04:16:30.025705,2022,7,23,04:16:30,26.0,42.0
2022-07-23 04:31:30.550829,2022,7,23,04:31:30,26.0,42.0
2022-07-23 04:46:31.075973,2022,7,23,04:46:31,26.0,42.0
2022-07-23 05:01:31.601496,2022,7,23,05:01:31,26.0,42.0
2022-07-23 05:16:32.126899,2022,7,23,05:16:32,26.0,42.0
2022-07-23 05:31:32.652255,2022,7,23,05:31:32,26.0,42.0
2022-07-23 05:46:33.177531,2022,7,23,05:46:33,26.0,42.0
2022-07-23 06:01:33.702790,2022,7,23,06:01:33,26.0,42.0
2022-07-23 06:16:34.228169,2022,7,23,06:16:34,26.0,42.0
2022-07-23 06:31:34.753628,2022,7,23,06:31:34,26.0,42.0
2022-07-23 06:46:35.279189,2022,7,23,06:46:35,26.0,42.0
2022-07-23 07:01:35.804371,2022,7,23,07:01:35,27.0,42.0
2022-07-23 07:16:36.329542,2022,7,23,07:16:36,27.0,42.0
2022-07-23 07:31:36.854802,2022,7,23,07:31:36,27.0,41.0
2022-07-23 07:46:37.379972,2022,7,23,07:46:37,27.0,42.0
2022-07-23 08:01:37.905279,2022,7,23,08:01:37,27.0,42.0
2022-07-23 08:16:38.430687,2022,7,23,08:16:38,27.0,41.0
2022-07-23 08:31:38.956338,2022,7,23,08:31:38,27.0,41.0
2022-07-23 08:46:39.482008,2022,7,23,08:46:39,27.0,41.0
2022-07-23 09:01:40.007371,2022,7,23,09:01:40,28.0,41.0
2022-07-23 09:16:40.532660,2022,7,23,09:16:40,28.0,41.0
2022-07-23 09:31:41.057759,2022,7,23,09:31:41,28.0,41.0
2022-07-23 09:46:41.582965,2022,7,23,09:46:41,28.0,41.0
2022-07-23 10:01:42.108306,2022,7,23,10:01:42,28.0,41.0
2022-07-23 10:16:42.633649,2022,7,23,10:16:42,28.0,40.0
2022-07-23 10:31:45.686198,2022,7,23,10:31:45,28.0,40.0
2022-07-23 10:46:46.211543,2022,7,23,10:46:46,28.0,35.0
2022-07-23 11:01:46.737091,2022,7,23,11:01:46,28.0,40.0
2022-07-23 11:16:47.262177,2022,7,23,11:16:47,29.0,40.0
2022-07-23 11:31:47.787328,2022,7,23,11:31:47,29.0,40.0
2022-07-23 11:46:48.312813,2022,7,23,11:46:48,29.0,40.0
2022-07-23 12:01:48.838191,2022,7,23,12:01:48,29.0,38.0
2022-07-23 12:16:51.893835,2022,7,23,12:16:51,29.0,37.0
2022-07-23 12:31:52.419317,2022,7,23,12:31:52,29.0,32.0
2022-07-23 12:46:52.944635,2022,7,23,12:46:52,29.0,37.0
2022-07-23 13:01:53.470125,2022,7,23,13:01:53,29.0,37.0
2022-07-23 13:16:53.995682,2022,7,23,13:16:53,29.0,38.0
2022-07-23 13:31:54.520993,2022,7,23,13:31:54,29.0,39.0
2022-07-23 13:46:55.046168,2022,7,23,13:46:55,29.0,39.0
2022-07-23 14:01:55.571455,2022,7,23,14:01:55,29.0,40.0
2022-07-23 14:16:56.096799,2022,7,23,14:16:56,29.0,40.0
2022-07-23 14:31:56.622238,2022,7,23,14:31:56,30.0,37.0
2022-07-23 14:46:57.147548,2022,7,23,14:46:57,30.0,41.0
2022-07-23 15:01:57.672697,2022,7,23,15:01:57,30.0,40.0
2022-07-23 15:16:58.198062,2022,7,23,15:16:58,30.0,41.0
2022-07-23 15:31:58.723592,2022,7,23,15:31:58,30.0,41.0
2022-07-23 15:46:59.249098,2022,7,23,15:46:59,30.0,39.0
2022-07-23 16:01:59.775103,2022,7,23,16:01:59,30.0,39.0
2022-07-23 16:17:00.300699,2022,7,23,16:17:00,30.0,39.0
2022-07-23 16:32:00.826314,2022,7,23,16:32:00,31.0,38.0
2022-07-23 16:47:01.351669,2022,7,23,16:47:01,31.0,36.0
2022-07-23 17:02:01.877198,2022,7,23,17:02:01,31.0,38.0
2022-07-23 17:17:02.402810,2022,7,23,17:17:02,30.0,37.0
2022-07-23 17:32:02.928255,2022,7,23,17:32:02,30.0,42.0
2022-07-23 17:47:03.453738,2022,7,23,17:47:03,30.0,40.0
2022-07-23 18:02:03.979227,2022,7,23,18:02:03,29.0,40.0
2022-07-23 18:17:04.504678,2022,7,23,18:17:04,31.0,43.0
2022-07-23 18:32:05.029979,2022,7,23,18:32:05,31.0,43.0
2022-07-23 18:47:05.555184,2022,7,23,18:47:05,31.0,42.0
2022-07-23 19:02:06.080318,2022,7,23,19:02:06,31.0,42.0
2022-07-23 19:17:06.605704,2022,7,23,19:17:06,31.0,40.0
2022-07-23 19:32:07.131240,2022,7,23,19:32:07,30.0,40.0
2022-07-23 19:47:07.656604,2022,7,23,19:47:07,30.0,41.0
2022-07-23 20:02:08.182017,2022,7,23,20:02:08,30.0,41.0
2022-07-23 20:17:08.707688,2022,7,23,20:17:08,30.0,41.0
2022-07-23 20:32:09.233131,2022,7,23,20:32:09,30.0,40.0
2022-07-23 20:47:09.758580,2022,7,23,20:47:09,30.0,40.0
2022-07-23 21:02:10.283735,2022,7,23,21:02:10,30.0,40.0
2022-07-23 21:17:10.809099,2022,7,23,21:17:10,30.0,43.0
2022-07-23 21:32:11.334397,2022,7,23,21:32:11,30.0,43.0
2022-07-23 21:47:11.859742,2022,7,23,21:47:11,30.0,43.0
2022-07-23 22:02:12.385101,2022,7,23,22:02:12,30.0,43.0
2022-07-23 22:17:12.910435,2022,7,23,22:17:12,30.0,42.0
2022-07-23 22:32:13.435815,2022,7,23,22:32:13,30.0,42.0
2022-07-23 22:47:13.961234,2022,7,23,22:47:13,30.0,42.0
2022-07-23 23:02:14.486650,2022,7,23,23:02:14,30.0,41.0
2022-07-23 23:17:15.011995,2022,7,23,23:17:15,30.0,42.0
2022-07-23 23:32:15.537167,2022,7,23,23:32:15,30.0,43.0
2022-07-23 23:47:16.062287,2022,7,23,23:47:16,30.0,42.0
2022-07-24 00:02:16.587456,2022,7,24,00:02:16,29.0,42.0
2022-07-24 00:17:17.112622,2022,7,24,00:17:17,30.0,42.0
2022-07-24 00:32:17.637920,2022,7,24,00:32:17,29.0,43.0
2022-07-24 00:47:18.163166,2022,7,24,00:47:18,29.0,42.0
2022-07-24 01:02:18.688622,2022,7,24,01:02:18,29.0,43.0
2022-07-24 01:17:19.214189,2022,7,24,01:17:19,29.0,44.0
2022-07-24 01:32:19.739604,2022,7,24,01:32:19,28.0,43.0
2022-07-24 01:47:20.265129,2022,7,24,01:47:20,28.0,43.0
2022-07-24 02:02:20.790592,2022,7,24,02:02:20,28.0,43.0
2022-07-24 02:17:21.316062,2022,7,24,02:17:21,28.0,43.0
2022-07-24 02:32:21.841495,2022,7,24,02:32:21,28.0,43.0
2022-07-24 02:47:22.367074,2022,7,24,02:47:22,28.0,44.0
2022-07-24 03:02:22.892337,2022,7,24,03:02:22,28.0,44.0
2022-07-24 03:17:23.417764,2022,7,24,03:17:23,28.0,44.0
2022-07-24 03:32:23.943237,2022,7,24,03:32:23,28.0,44.0
2022-07-24 03:47:24.468646,2022,7,24,03:47:24,28.0,44.0
2022-07-24 04:02:24.993910,2022,7,24,04:02:24,28.0,44.0
2022-07-24 04:17:25.519341,2022,7,24,04:17:25,27.0,44.0
2022-07-24 04:32:26.044734,2022,7,24,04:32:26,28.0,45.0
2022-07-24 04:47:26.570200,2022,7,24,04:47:26,27.0,44.0
2022-07-24 05:02:27.095617,2022,7,24,05:02:27,27.0,44.0
2022-07-24 05:17:27.621153,2022,7,24,05:17:27,27.0,44.0
2022-07-24 05:32:30.674530,2022,7,24,05:32:30,27.0,45.0
2022-07-24 05:47:31.200234,2022,7,24,05:47:31,27.0,39.0
2022-07-24 06:02:31.725985,2022,7,24,06:02:31,27.0,44.0
2022-07-24 06:17:32.251660,2022,7,24,06:17:32,27.0,44.0
2022-07-24 06:32:32.777129,2022,7,24,06:32:32,28.0,47.0
2022-07-24 06:47:33.302514,2022,7,24,06:47:33,28.0,50.0
2022-07-24 07:02:33.827870,2022,7,24,07:02:33,28.0,49.0
2022-07-24 07:17:34.353297,2022,7,24,07:17:34,28.0,46.0
2022-07-24 07:32:34.878775,2022,7,24,07:32:34,28.0,47.0
2022-07-24 07:47:35.404133,2022,7,24,07:47:35,29.0,46.0
2022-07-24 08:02:35.929445,2022,7,24,08:02:35,29.0,45.0
2022-07-24 08:17:36.454835,2022,7,24,08:17:36,29.0,45.0
2022-07-24 08:32:36.980456,2022,7,24,08:32:36,29.0,44.0
2022-07-24 08:47:37.505983,2022,7,24,08:47:37,29.0,49.0
2022-07-24 09:02:38.031608,2022,7,24,09:02:38,29.0,46.0
2022-07-24 09:17:38.557130,2022,7,24,09:17:38,29.0,45.0
2022-07-24 09:32:39.082499,2022,7,24,09:32:39,29.0,44.0
2022-07-24 09:47:39.607875,2022,7,24,09:47:39,29.0,43.0
2022-07-24 10:02:40.133391,2022,7,24,10:02:40,29.0,43.0
2022-07-24 10:17:43.186857,2022,7,24,10:17:43,29.0,42.0
2022-07-24 10:32:43.712483,2022,7,24,10:32:43,29.0,37.0
2022-07-24 10:47:44.238292,2022,7,24,10:47:44,29.0,37.0
2022-07-24 11:02:44.763670,2022,7,24,11:02:44,29.0,44.0
2022-07-24 11:17:45.289144,2022,7,24,11:17:45,29.0,43.0
2022-07-24 11:32:45.814595,2022,7,24,11:32:45,29.0,38.0
2022-07-24 11:47:46.340318,2022,7,24,11:47:46,29.0,46.0
2022-07-24 12:02:46.865914,2022,7,24,12:02:46,29.0,45.0
2022-07-24 12:17:47.391304,2022,7,24,12:17:47,29.0,44.0
2022-07-24 12:32:50.444383,2022,7,24,12:32:50,30.0,41.0
2022-07-24 12:47:50.969851,2022,7,24,12:47:50,30.0,36.0
2022-07-24 13:02:51.495515,2022,7,24,13:02:51,30.0,39.0
2022-07-24 13:17:52.020955,2022,7,24,13:17:52,30.0,39.0
2022-07-24 13:32:52.546381,2022,7,24,13:32:52,30.0,39.0
2022-07-24 13:47:53.071758,2022,7,24,13:47:53,30.0,39.0
2022-07-24 14:02:53.597231,2022,7,24,14:02:53,30.0,39.0
2022-07-24 14:17:54.122781,2022,7,24,14:17:54,30.0,40.0
2022-07-24 14:32:54.648366,2022,7,24,14:32:54,30.0,40.0
2022-07-24 14:47:57.704609,2022,7,24,14:47:57,30.0,39.0
2022-07-24 15:02:58.230307,2022,7,24,15:02:58,30.0,34.0
2022-07-24 15:17:58.755934,2022,7,24,15:17:58,30.0,38.0
2022-07-24 15:32:59.281575,2022,7,24,15:32:59,30.0,39.0
2022-07-24 15:48:02.338049,2022,7,24,15:48:02,31.0,39.0
2022-07-24 16:03:02.863349,2022,7,24,16:03:02,31.0,33.0
2022-07-24 16:18:03.388678,2022,7,24,16:18:03,31.0,38.0
2022-07-24 16:33:03.913829,2022,7,24,16:33:03,31.0,37.0
2022-07-24 16:48:04.439027,2022,7,24,16:48:04,31.0,36.0
2022-07-24 17:03:04.964295,2022,7,24,17:03:04,31.0,35.0
2022-07-24 17:18:05.489618,2022,7,24,17:18:05,31.0,35.0
2022-07-24 17:33:06.014954,2022,7,24,17:33:06,30.0,33.0
2022-07-24 17:48:06.540168,2022,7,24,17:48:06,30.0,33.0
2022-07-24 18:03:07.065318,2022,7,24,18:03:07,30.0,35.0
2022-07-24 18:18:07.590593,2022,7,24,18:18:07,30.0,35.0
2022-07-24 18:33:08.115947,2022,7,24,18:33:08,30.0,36.0
2022-07-24 18:48:08.641345,2022,7,24,18:48:08,30.0,34.0
2022-07-24 19:03:09.166792,2022,7,24,19:03:09,30.0,35.0
2022-07-24 19:18:09.692178,2022,7,24,19:18:09,31.0,35.0
2022-07-24 19:33:10.217813,2022,7,24,19:33:10,31.0,35.0
2022-07-24 19:48:10.743211,2022,7,24,19:48:10,31.0,36.0
2022-07-24 20:03:11.269358,2022,7,24,20:03:11,31.0,36.0
2022-07-24 20:18:11.794772,2022,7,24,20:18:11,31.0,36.0
2022-07-24 20:33:12.320121,2022,7,24,20:33:12,30.0,38.0
2022-07-24 20:48:12.845336,2022,7,24,20:48:12,30.0,38.0
2022-07-24 21:03:13.370626,2022,7,24,21:03:13,30.0,39.0
2022-07-24 21:18:13.895676,2022,7,24,21:18:13,30.0,38.0
2022-07-24 21:33:14.420840,2022,7,24,21:33:14,30.0,37.0
2022-07-24 21:48:14.946090,2022,7,24,21:48:14,30.0,38.0
2022-07-24 22:03:15.471650,2022,7,24,22:03:15,30.0,39.0
2022-07-24 22:18:15.997349,2022,7,24,22:18:15,30.0,39.0
2022-07-24 22:33:16.523028,2022,7,24,22:33:16,30.0,39.0
2022-07-24 22:48:17.048479,2022,7,24,22:48:17,29.0,40.0
2022-07-24 23:03:17.573977,2022,7,24,23:03:17,29.0,41.0
2022-07-24 23:18:18.099202,2022,7,24,23:18:18,30.0,41.0
2022-07-24 23:33:18.624361,2022,7,24,23:33:18,30.0,42.0
2022-07-24 23:48:21.677117,2022,7,24,23:48:21,30.0,43.0
2022-07-25 00:03:22.202409,2022,7,25,00:03:22,30.0,38.0
2022-07-25 00:18:22.727996,2022,7,25,00:18:22,30.0,43.0
2022-07-25 00:33:23.253495,2022,7,25,00:33:23,29.0,43.0
2022-07-25 00:48:23.778646,2022,7,25,00:48:23,30.0,43.0
2022-07-25 01:03:24.303978,2022,7,25,01:03:24,29.0,44.0
2022-07-25 01:18:24.829349,2022,7,25,01:18:24,29.0,44.0
2022-07-25 01:33:25.354903,2022,7,25,01:33:25,29.0,45.0
2022-07-25 01:48:25.880320,2022,7,25,01:48:25,29.0,46.0
2022-07-25 02:03:26.405805,2022,7,25,02:03:26,29.0,46.0
2022-07-25 02:18:26.931332,2022,7,25,02:18:26,29.0,46.0
2022-07-25 02:33:27.456792,2022,7,25,02:33:27,29.0,46.0
2022-07-25 02:48:27.982331,2022,7,25,02:48:27,29.0,47.0
2022-07-25 03:03:28.507796,2022,7,25,03:03:28,29.0,47.0
2022-07-25 03:18:29.033170,2022,7,25,03:18:29,29.0,47.0
2022-07-25 03:33:29.558527,2022,7,25,03:33:29,29.0,47.0
2022-07-25 03:48:30.083909,2022,7,25,03:48:30,29.0,48.0
2022-07-25 04:03:30.609260,2022,7,25,04:03:30,29.0,48.0
2022-07-25 04:18:31.134434,2022,7,25,04:18:31,29.0,48.0
2022-07-25 04:33:31.659687,2022,7,25,04:33:31,29.0,49.0
2022-07-25 04:48:32.184994,2022,7,25,04:48:32,29.0,49.0
2022-07-25 05:03:32.710129,2022,7,25,05:03:32,29.0,49.0
2022-07-25 05:18:33.235418,2022,7,25,05:18:33,29.0,49.0
2022-07-25 05:33:33.760627,2022,7,25,05:33:33,29.0,49.0
2022-07-25 05:48:34.286050,2022,7,25,05:48:34,29.0,49.0
2022-07-25 06:03:34.811416,2022,7,25,06:03:34,29.0,50.0
2022-07-25 06:18:35.336825,2022,7,25,06:18:35,29.0,50.0
2022-07-25 06:33:35.862265,2022,7,25,06:33:35,29.0,50.0
2022-07-25 06:48:36.387739,2022,7,25,06:48:36,29.0,50.0
2022-07-25 07:03:39.443120,2022,7,25,07:03:39,28.0,48.0
2022-07-25 07:18:39.968542,2022,7,25,07:18:39,28.0,43.0
2022-07-25 07:33:40.493644,2022,7,25,07:33:40,29.0,48.0
2022-07-25 07:48:41.018751,2022,7,25,07:48:41,29.0,48.0
2022-07-25 08:03:41.544036,2022,7,25,08:03:41,29.0,49.0
2022-07-25 08:18:42.069451,2022,7,25,08:18:42,28.0,48.0
2022-07-25 08:33:42.594753,2022,7,25,08:33:42,28.0,48.0
2022-07-25 08:48:45.647747,2022,7,25,08:48:45,28.0,47.0
2022-07-25 09:03:46.173131,2022,7,25,09:03:46,28.0,42.0
2022-07-25 09:18:46.698513,2022,7,25,09:18:46,28.0,47.0
2022-07-25 09:33:47.223785,2022,7,25,09:33:47,28.0,46.0
2022-07-25 09:48:47.749174,2022,7,25,09:48:47,28.0,46.0
2022-07-25 10:03:50.801504,2022,7,25,10:03:50,28.0,46.0
2022-07-25 10:18:51.327135,2022,7,25,10:18:51,28.0,41.0
2022-07-25 10:33:51.852486,2022,7,25,10:33:51,28.0,46.0
2022-07-25 10:48:52.378006,2022,7,25,10:48:52,28.0,46.0
2022-07-25 11:03:52.903261,2022,7,25,11:03:52,28.0,46.0
2022-07-25 11:18:53.428573,2022,7,25,11:18:53,28.0,46.0
2022-07-25 11:33:53.954136,2022,7,25,11:33:53,28.0,46.0
2022-07-25 11:48:54.479663,2022,7,25,11:48:54,28.0,45.0
2022-07-25 12:03:55.005111,2022,7,25,12:03:55,28.0,45.0
2022-07-25 12:18:55.530216,2022,7,25,12:18:55,28.0,40.0
2022-07-25 12:33:56.055430,2022,7,25,12:33:56,28.0,44.0
2022-07-25 12:48:56.580736,2022,7,25,12:48:56,28.0,39.0
2022-07-25 13:03:59.635863,2022,7,25,13:03:59,28.0,44.0
2022-07-25 13:19:00.161259,2022,7,25,13:19:00,28.0,39.0
2022-07-25 13:34:00.686651,2022,7,25,13:34:00,28.0,43.0
2022-07-25 13:49:01.212514,2022,7,25,13:49:01,28.0,43.0
2022-07-25 14:04:01.738092,2022,7,25,14:04:01,28.0,44.0
2022-07-25 14:19:02.263448,2022,7,25,14:19:02,14.0,150.0
2022-07-25 14:34:02.788942,2022,7,25,14:34:02,28.0,44.0
2022-07-25 14:49:03.314332,2022,7,25,14:49:03,28.0,43.0
2022-07-25 15:04:03.839998,2022,7,25,15:04:03,28.0,43.0
2022-07-25 15:19:04.365517,2022,7,25,15:19:04,28.0,43.0
2022-07-25 15:34:04.890981,2022,7,25,15:34:04,28.0,43.0
2022-07-25 15:49:05.416378,2022,7,25,15:49:05,28.0,43.0
2022-07-25 16:04:05.941765,2022,7,25,16:04:05,28.0,44.0
2022-07-25 16:19:06.467278,2022,7,25,16:19:06,28.0,42.0
2022-07-25 16:34:06.993036,2022,7,25,16:34:06,28.0,43.0
2022-07-25 16:49:07.518690,2022,7,25,16:49:07,28.0,43.0
2022-07-25 17:04:08.044314,2022,7,25,17:04:08,28.0,42.0
2022-07-25 17:19:08.569798,2022,7,25,17:19:08,28.0,42.0
2022-07-25 17:34:09.095330,2022,7,25,17:34:09,28.0,42.0
2022-07-25 17:49:09.620913,2022,7,25,17:49:09,28.0,42.0
2022-07-25 18:04:10.146391,2022,7,25,18:04:10,28.0,42.0
2022-07-25 18:19:10.671742,2022,7,25,18:19:10,28.0,42.0
2022-07-25 18:34:11.197186,2022,7,25,18:34:11,28.0,42.0
2022-07-25 18:49:11.722480,2022,7,25,18:49:11,28.0,43.0
2022-07-25 19:04:12.247813,2022,7,25,19:04:12,28.0,43.0
2022-07-25 19:19:12.773173,2022,7,25,19:19:12,28.0,43.0
2022-07-25 19:34:13.298617,2022,7,25,19:34:13,28.0,43.0
2022-07-25 19:49:13.824057,2022,7,25,19:49:13,28.0,43.0
2022-07-25 20:04:14.349563,2022,7,25,20:04:14,28.0,43.0
2022-07-25 20:19:14.874996,2022,7,25,20:19:14,28.0,43.0
2022-07-25 20:34:15.400046,2022,7,25,20:34:15,28.0,44.0
2022-07-25 20:49:15.925315,2022,7,25,20:49:15,28.0,43.0
2022-07-25 21:04:16.450573,2022,7,25,21:04:16,28.0,43.0
2022-07-25 21:19:16.976042,2022,7,25,21:19:16,28.0,43.0
2022-07-25 21:34:17.501712,2022,7,25,21:34:17,28.0,43.0
2022-07-25 21:49:18.027259,2022,7,25,21:49:18,28.0,42.0
2022-07-25 22:04:18.553663,2022,7,25,22:04:18,28.0,42.0
2022-07-25 22:19:19.079113,2022,7,25,22:19:19,28.0,41.0
2022-07-25 22:34:19.604567,2022,7,25,22:34:19,28.0,41.0
2022-07-25 22:49:20.129989,2022,7,25,22:49:20,28.0,45.0
2022-07-25 23:04:20.655690,2022,7,25,23:04:20,28.0,46.0
2022-07-25 23:19:21.181317,2022,7,25,23:19:21,29.0,46.0
2022-07-25 23:34:21.707337,2022,7,25,23:34:21,29.0,46.0
2022-07-25 23:49:22.233402,2022,7,25,23:49:22,28.0,46.0
2022-07-26 00:04:22.759662,2022,7,26,00:04:22,28.0,47.0
2022-07-26 00:19:23.285134,2022,7,26,00:19:23,28.0,51.0
2022-07-26 00:34:23.810717,2022,7,26,00:34:23,28.0,53.0
2022-07-26 00:49:24.336376,2022,7,26,00:49:24,28.0,54.0
2022-07-26 01:04:24.862034,2022,7,26,01:04:24,28.0,53.0
2022-07-26 01:19:25.387979,2022,7,26,01:19:25,28.0,54.0
2022-07-26 01:34:25.913502,2022,7,26,01:34:25,28.0,54.0
2022-07-26 01:49:26.439321,2022,7,26,01:49:26,28.0,55.0
2022-07-26 02:04:26.965305,2022,7,26,02:04:26,28.0,55.0
2022-07-26 02:19:27.491227,2022,7,26,02:19:27,28.0,55.0
2022-07-26 02:34:28.016615,2022,7,26,02:34:28,28.0,54.0
2022-07-26 02:49:28.542086,2022,7,26,02:49:28,28.0,53.0
2022-07-26 03:04:29.067956,2022,7,26,03:04:29,27.0,52.0
2022-07-26 03:19:29.593900,2022,7,26,03:19:29,27.0,52.0
2022-07-26 03:34:30.119660,2022,7,26,03:34:30,27.0,51.0
2022-07-26 03:49:30.645311,2022,7,26,03:49:30,27.0,52.0
2022-07-26 04:04:31.171112,2022,7,26,04:04:31,27.0,51.0
2022-07-26 04:19:31.697243,2022,7,26,04:19:31,27.0,51.0
2022-07-26 04:34:32.223127,2022,7,26,04:34:32,27.0,50.0
2022-07-26 04:49:32.749062,2022,7,26,04:49:32,27.0,51.0
2022-07-26 05:04:33.274489,2022,7,26,05:04:33,27.0,50.0
2022-07-26 05:19:33.799871,2022,7,26,05:19:33,27.0,50.0
2022-07-26 05:34:34.325537,2022,7,26,05:34:34,27.0,51.0
2022-07-26 05:49:34.851268,2022,7,26,05:49:34,27.0,51.0
2022-07-26 06:04:35.377170,2022,7,26,06:04:35,27.0,51.0
2022-07-26 06:19:35.902630,2022,7,26,06:19:35,27.0,51.0
2022-07-26 06:34:36.428116,2022,7,26,06:34:36,27.0,52.0
2022-07-26 06:49:36.953684,2022,7,26,06:49:36,27.0,53.0
2022-07-26 07:04:37.479332,2022,7,26,07:04:37,27.0,49.0
2022-07-26 07:19:38.004746,2022,7,26,07:19:38,27.0,50.0
2022-07-26 07:34:38.530120,2022,7,26,07:34:38,27.0,48.0
2022-07-26 07:49:39.055664,2022,7,26,07:49:39,27.0,46.0
2022-07-26 08:04:39.580953,2022,7,26,08:04:39,27.0,48.0
2022-07-26 08:19:40.106353,2022,7,26,08:19:40,27.0,48.0
2022-07-26 08:34:40.631770,2022,7,26,08:34:40,26.0,49.0
2022-07-26 08:49:41.157351,2022,7,26,08:49:41,26.0,49.0
2022-07-26 09:04:41.682819,2022,7,26,09:04:41,26.0,49.0
2022-07-26 09:19:42.208431,2022,7,26,09:19:42,26.0,49.0
2022-07-26 09:34:42.733803,2022,7,26,09:34:42,26.0,49.0
2022-07-26 09:49:43.259033,2022,7,26,09:49:43,26.0,48.0
2022-07-26 10:04:43.784223,2022,7,26,10:04:43,26.0,48.0
2022-07-26 10:19:44.309463,2022,7,26,10:19:44,26.0,49.0
2022-07-26 10:34:44.834718,2022,7,26,10:34:44,26.0,49.0
2022-07-26 10:49:45.360000,2022,7,26,10:49:45,26.0,49.0
2022-07-26 11:04:45.885481,2022,7,26,11:04:45,26.0,48.0
2022-07-26 11:19:46.410727,2022,7,26,11:19:46,26.0,48.0
2022-07-26 11:34:46.935969,2022,7,26,11:34:46,26.0,43.0
2022-07-26 11:49:47.461137,2022,7,26,11:49:47,26.0,48.0
2022-07-26 12:04:47.986317,2022,7,26,12:04:47,26.0,48.0
2022-07-26 12:19:48.511570,2022,7,26,12:19:48,26.0,48.0
2022-07-26 12:34:49.036880,2022,7,26,12:34:49,26.0,47.0
2022-07-26 12:49:49.562268,2022,7,26,12:49:49,26.0,48.0
2022-07-26 13:04:50.088469,2022,7,26,13:04:50,26.0,48.0
2022-07-26 13:19:50.613572,2022,7,26,13:19:50,26.0,48.0
2022-07-26 13:34:51.138820,2022,7,26,13:34:51,26.0,48.0
2022-07-26 13:49:51.663998,2022,7,26,13:49:51,26.0,48.0
2022-07-26 14:04:52.189232,2022,7,26,14:04:52,26.0,48.0
2022-07-26 14:19:52.714572,2022,7,26,14:19:52,26.0,48.0
2022-07-26 14:34:53.239873,2022,7,26,14:34:53,26.0,48.0
2022-07-26 14:49:53.765196,2022,7,26,14:49:53,26.0,48.0
2022-07-26 15:04:54.290412,2022,7,26,15:04:54,26.0,48.0
2022-07-26 15:19:54.815865,2022,7,26,15:19:54,26.0,47.0
2022-07-26 15:34:55.341228,2022,7,26,15:34:55,26.0,47.0
2022-07-26 15:49:55.866448,2022,7,26,15:49:55,26.0,48.0
2022-07-26 16:04:56.391745,2022,7,26,16:04:56,26.0,47.0
2022-07-26 16:19:59.444527,2022,7,26,16:19:59,26.0,47.0
2022-07-26 16:34:59.969804,2022,7,26,16:34:59,26.0,42.0
2022-07-26 16:50:00.495297,2022,7,26,16:50:00,26.0,47.0
2022-07-26 17:05:01.020476,2022,7,26,17:05:01,26.0,46.0
2022-07-26 17:20:01.545920,2022,7,26,17:20:01,26.0,47.0
2022-07-26 17:35:02.071516,2022,7,26,17:35:02,26.0,48.0
2022-07-26 17:50:02.597136,2022,7,26,17:50:02,26.0,46.0
2022-07-26 18:05:03.122722,2022,7,26,18:05:03,26.0,46.0
2022-07-26 18:20:03.648298,2022,7,26,18:20:03,27.0,45.0
2022-07-26 18:35:04.173839,2022,7,26,18:35:04,27.0,44.0
2022-07-26 18:50:04.699324,2022,7,26,18:50:04,27.0,45.0
2022-07-26 19:05:05.224771,2022,7,26,19:05:05,27.0,43.0
2022-07-26 19:20:05.750389,2022,7,26,19:20:05,26.0,43.0
2022-07-26 19:35:06.275875,2022,7,26,19:35:06,26.0,43.0
2022-07-26 19:50:06.801278,2022,7,26,19:50:06,27.0,42.0
2022-07-26 20:05:07.326772,2022,7,26,20:05:07,27.0,42.0
2022-07-26 20:20:07.852219,2022,7,26,20:20:07,27.0,43.0
2022-07-26 20:35:08.377983,2022,7,26,20:35:08,26.0,44.0
2022-07-26 20:50:08.903610,2022,7,26,20:50:08,26.0,44.0
2022-07-26 21:05:09.428817,2022,7,26,21:05:09,27.0,44.0
2022-07-26 21:20:09.953966,2022,7,26,21:20:09,27.0,45.0
2022-07-26 21:35:10.479236,2022,7,26,21:35:10,26.0,46.0
2022-07-26 21:50:11.004635,2022,7,26,21:50:11,26.0,46.0
2022-07-26 22:05:11.530025,2022,7,26,22:05:11,27.0,44.0
2022-07-26 22:20:12.055423,2022,7,26,22:20:12,26.0,45.0
2022-07-26 22:35:12.580919,2022,7,26,22:35:12,26.0,47.0
2022-07-26 22:50:13.106280,2022,7,26,22:50:13,26.0,47.0
2022-07-26 23:05:13.631490,2022,7,26,23:05:13,26.0,48.0
2022-07-26 23:20:16.684057,2022,7,26,23:20:16,26.0,49.0
2022-07-26 23:35:17.209592,2022,7,26,23:35:17,26.0,44.0
2022-07-26 23:50:17.735012,2022,7,26,23:50:17,26.0,48.0
2022-07-27 00:05:18.260430,2022,7,27,00:05:18,26.0,48.0
2022-07-27 00:20:18.785924,2022,7,27,00:20:18,26.0,49.0
2022-07-27 00:35:19.311221,2022,7,27,00:35:19,26.0,48.0
2022-07-27 00:50:19.836482,2022,7,27,00:50:19,26.0,49.0
2022-07-27 01:05:20.362266,2022,7,27,01:05:20,26.0,49.0
2022-07-27 01:20:20.887670,2022,7,27,01:20:20,26.0,48.0
2022-07-27 01:35:21.413246,2022,7,27,01:35:21,26.0,48.0
2022-07-27 01:50:21.938870,2022,7,27,01:50:21,26.0,47.0
2022-07-27 02:05:22.464816,2022,7,27,02:05:22,25.0,47.0
2022-07-27 02:20:22.990719,2022,7,27,02:20:22,25.0,47.0
2022-07-27 02:35:23.516111,2022,7,27,02:35:23,12.0,151.0
2022-07-27 02:50:24.041634,2022,7,27,02:50:24,25.0,46.0
2022-07-27 03:05:24.567357,2022,7,27,03:05:24,25.0,46.0
2022-07-27 03:20:25.093275,2022,7,27,03:20:25,25.0,47.0
2022-07-27 03:35:25.619084,2022,7,27,03:35:25,25.0,47.0
2022-07-27 03:50:26.145125,2022,7,27,03:50:26,25.0,47.0
2022-07-27 04:05:26.671136,2022,7,27,04:05:26,25.0,47.0
2022-07-27 04:20:27.197125,2022,7,27,04:20:27,25.0,47.0
2022-07-27 04:35:27.723148,2022,7,27,04:35:27,25.0,47.0
2022-07-27 04:50:30.776349,2022,7,27,04:50:30,25.0,48.0
2022-07-27 05:05:31.302064,2022,7,27,05:05:31,25.0,43.0
2022-07-27 05:20:31.827826,2022,7,27,05:20:31,25.0,48.0
2022-07-27 05:35:34.880854,2022,7,27,05:35:34,25.0,48.0
2022-07-27 05:50:35.406647,2022,7,27,05:50:35,25.0,43.0
2022-07-27 06:05:35.932237,2022,7,27,06:05:35,25.0,48.0
2022-07-27 06:20:36.458124,2022,7,27,06:20:36,25.0,48.0
2022-07-27 06:35:36.984012,2022,7,27,06:35:36,25.0,50.0
2022-07-27 06:50:40.036840,2022,7,27,06:50:40,25.0,54.0
2022-07-27 07:05:40.562951,2022,7,27,07:05:40,25.0,49.0
2022-07-27 07:20:41.088556,2022,7,27,07:20:41,25.0,52.0
2022-07-27 07:35:41.614131,2022,7,27,07:35:41,25.0,52.0
2022-07-27 07:50:44.665931,2022,7,27,07:50:44,25.0,51.0
2022-07-27 08:05:45.192047,2022,7,27,08:05:45,25.0,46.0
2022-07-27 08:20:45.717892,2022,7,27,08:20:45,25.0,50.0
2022-07-27 08:35:46.243851,2022,7,27,08:35:46,25.0,50.0
2022-07-27 08:50:46.769251,2022,7,27,08:50:46,25.0,49.0
2022-07-27 09:05:47.294601,2022,7,27,09:05:47,25.0,50.0
2022-07-27 09:20:47.819978,2022,7,27,09:20:47,25.0,50.0
2022-07-27 09:35:48.345576,2022,7,27,09:35:48,25.0,50.0
2022-07-27 09:50:48.871092,2022,7,27,09:50:48,25.0,49.0
2022-07-27 10:05:49.396440,2022,7,27,10:05:49,25.0,48.0
2022-07-27 10:20:49.921869,2022,7,27,10:20:49,25.0,47.0
2022-07-27 10:35:50.447421,2022,7,27,10:35:50,25.0,46.0
2022-07-27 10:50:50.972940,2022,7,27,10:50:50,25.0,48.0
2022-07-27 11:05:51.498462,2022,7,27,11:05:51,25.0,47.0
2022-07-27 11:20:54.550721,2022,7,27,11:20:54,25.0,47.0
2022-07-27 11:35:55.076413,2022,7,27,11:35:55,26.0,44.0
2022-07-27 11:50:55.601699,2022,7,27,11:50:55,25.0,48.0
2022-07-27 12:05:56.127205,2022,7,27,12:05:56,26.0,48.0
2022-07-27 12:20:56.653669,2022,7,27,12:20:56,26.0,48.0
2022-07-27 12:35:57.178891,2022,7,27,12:35:57,13.0,152.0
2022-07-27 12:50:57.704240,2022,7,27,12:50:57,26.0,48.0
2022-07-27 13:05:58.229756,2022,7,27,13:05:58,26.0,48.0
2022-07-27 13:20:58.755438,2022,7,27,13:20:58,26.0,48.0
2022-07-27 13:35:59.281122,2022,7,27,13:35:59,26.0,48.0
2022-07-27 13:50:59.806977,2022,7,27,13:50:59,26.0,48.0
2022-07-27 14:06:00.332575,2022,7,27,14:06:00,26.0,48.0
2022-07-27 14:21:00.858135,2022,7,27,14:21:00,26.0,48.0
2022-07-27 14:36:01.383668,2022,7,27,14:36:01,26.0,48.0
2022-07-27 14:51:01.909072,2022,7,27,14:51:01,13.0,152.0
2022-07-27 15:06:02.434540,2022,7,27,15:06:02,26.0,47.0
2022-07-27 15:21:02.960016,2022,7,27,15:21:02,26.0,47.0
2022-07-27 15:36:06.012870,2022,7,27,15:36:06,26.0,47.0
2022-07-27 15:51:06.538405,2022,7,27,15:51:06,13.0,149.0
2022-07-27 16:06:07.063874,2022,7,27,16:06:07,26.0,47.0
2022-07-27 16:21:07.589288,2022,7,27,16:21:07,26.0,46.0
2022-07-27 16:36:08.114738,2022,7,27,16:36:08,26.0,47.0
2022-07-27 16:51:08.640225,2022,7,27,16:51:08,26.0,47.0
2022-07-27 17:06:09.165886,2022,7,27,17:06:09,26.0,47.0
2022-07-27 17:21:09.691788,2022,7,27,17:21:09,26.0,47.0
2022-07-27 17:36:10.217830,2022,7,27,17:36:10,26.0,47.0
2022-07-27 17:51:10.743848,2022,7,27,17:51:10,26.0,47.0
2022-07-27 18:06:11.269792,2022,7,27,18:06:11,26.0,47.0
2022-07-27 18:21:11.795422,2022,7,27,18:21:11,26.0,47.0
2022-07-27 18:36:12.321098,2022,7,27,18:36:12,26.0,47.0
2022-07-27 18:51:12.846768,2022,7,27,18:51:12,26.0,47.0
2022-07-27 19:06:13.372597,2022,7,27,19:06:13,26.0,46.0
2022-07-27 19:21:13.898151,2022,7,27,19:21:13,26.0,47.0
2022-07-27 19:36:16.954052,2022,7,27,19:36:16,25.0,46.0
2022-07-27 19:51:17.479900,2022,7,27,19:51:17,26.0,41.0
2022-07-27 20:06:18.005762,2022,7,27,20:06:18,26.0,47.0
2022-07-27 20:21:18.531248,2022,7,27,20:21:18,25.0,45.0
2022-07-27 20:36:19.056859,2022,7,27,20:36:19,25.0,45.0
2022-07-27 20:51:19.582391,2022,7,27,20:51:19,25.0,45.0
2022-07-27 21:06:20.108049,2022,7,27,21:06:20,25.0,46.0
2022-07-27 21:21:23.161492,2022,7,27,21:21:23,25.0,46.0
2022-07-27 21:36:23.687295,2022,7,27,21:36:23,25.0,40.0
2022-07-27 21:51:24.213347,2022,7,27,21:51:24,25.0,46.0
2022-07-27 22:06:24.739275,2022,7,27,22:06:24,25.0,46.0
2022-07-27 22:21:25.264758,2022,7,27,22:21:25,25.0,46.0
2022-07-27 22:36:25.790235,2022,7,27,22:36:25,25.0,46.0
2022-07-27 22:51:26.315724,2022,7,27,22:51:26,25.0,46.0
2022-07-27 23:06:26.841232,2022,7,27,23:06:26,25.0,46.0
2022-07-27 23:21:27.366883,2022,7,27,23:21:27,25.0,46.0
2022-07-27 23:36:27.892570,2022,7,27,23:36:27,25.0,46.0
2022-07-27 23:51:28.418189,2022,7,27,23:51:28,25.0,46.0
2022-07-28 00:06:28.944064,2022,7,28,00:06:28,25.0,46.0
2022-07-28 00:21:29.470095,2022,7,28,00:21:29,25.0,47.0
2022-07-28 00:36:29.996093,2022,7,28,00:36:29,25.0,47.0
2022-07-28 00:51:30.521731,2022,7,28,00:51:30,25.0,49.0
2022-07-28 01:06:31.047796,2022,7,28,01:06:31,25.0,50.0
2022-07-28 01:21:31.573505,2022,7,28,01:21:31,25.0,50.0
2022-07-28 01:36:32.099329,2022,7,28,01:36:32,25.0,52.0
2022-07-28 01:51:32.624757,2022,7,28,01:51:32,25.0,52.0
2022-07-28 02:06:35.677635,2022,7,28,02:06:35,25.0,53.0
2022-07-28 02:21:36.203484,2022,7,28,02:21:36,25.0,48.0
2022-07-28 02:36:36.729659,2022,7,28,02:36:36,25.0,55.0
2022-07-28 02:51:37.255678,2022,7,28,02:51:37,25.0,54.0
2022-07-28 03:06:37.781327,2022,7,28,03:06:37,25.0,54.0
2022-07-28 03:21:38.307020,2022,7,28,03:21:38,25.0,54.0
2022-07-28 03:36:38.832756,2022,7,28,03:36:38,25.0,54.0
2022-07-28 03:51:39.358691,2022,7,28,03:51:39,25.0,54.0
2022-07-28 04:06:39.884754,2022,7,28,04:06:39,25.0,53.0
2022-07-28 04:21:40.410635,2022,7,28,04:21:40,25.0,54.0
2022-07-28 04:36:40.936314,2022,7,28,04:36:40,25.0,53.0
2022-07-28 04:51:41.462370,2022,7,28,04:51:41,25.0,53.0
2022-07-28 05:06:41.988404,2022,7,28,05:06:41,25.0,54.0
2022-07-28 05:21:42.514377,2022,7,28,05:21:42,25.0,54.0
2022-07-28 05:36:43.040100,2022,7,28,05:36:43,25.0,54.0
2022-07-28 05:51:43.565787,2022,7,28,05:51:43,25.0,54.0
2022-07-28 06:06:44.091639,2022,7,28,06:06:44,25.0,54.0
2022-07-28 06:21:44.617327,2022,7,28,06:21:44,25.0,56.0
2022-07-28 06:36:45.142895,2022,7,28,06:36:45,26.0,61.0
2022-07-28 06:51:45.668172,2022,7,28,06:51:45,12.0,156.0
2022-07-28 07:06:46.193636,2022,7,28,07:06:46,25.0,57.0
2022-07-28 07:21:46.719374,2022,7,28,07:21:46,25.0,54.0
2022-07-28 07:36:49.772690,2022,7,28,07:36:49,25.0,56.0
2022-07-28 07:51:50.298472,2022,7,28,07:51:50,25.0,50.0
2022-07-28 08:06:50.824359,2022,7,28,08:06:50,25.0,56.0
2022-07-28 08:21:51.350396,2022,7,28,08:21:51,25.0,55.0
2022-07-28 08:36:51.876409,2022,7,28,08:36:51,25.0,55.0
2022-07-28 08:51:54.929256,2022,7,28,08:51:54,25.0,55.0
2022-07-28 09:06:55.455091,2022,7,28,09:06:55,25.0,50.0
2022-07-28 09:21:55.980849,2022,7,28,09:21:55,25.0,55.0
2022-07-28 09:36:56.506303,2022,7,28,09:36:56,25.0,54.0
2022-07-28 09:51:57.031592,2022,7,28,09:51:57,25.0,54.0
2022-07-28 10:06:57.556881,2022,7,28,10:06:57,25.0,53.0
2022-07-28 10:21:58.082300,2022,7,28,10:21:58,25.0,54.0
2022-07-28 10:36:58.607810,2022,7,28,10:36:58,25.0,53.0
2022-07-28 10:51:59.133271,2022,7,28,10:51:59,25.0,53.0
2022-07-28 11:06:59.663206,2022,7,28,11:06:59,25.0,52.0
2022-07-28 11:22:00.188485,2022,7,28,11:22:00,25.0,52.0
2022-07-28 11:37:00.713794,2022,7,28,11:37:00,25.0,52.0
2022-07-28 11:52:01.239316,2022,7,28,11:52:01,26.0,53.0
2022-07-28 12:07:01.764783,2022,7,28,12:07:01,26.0,53.0
2022-07-28 12:22:02.290019,2022,7,28,12:22:02,26.0,53.0
2022-07-28 12:37:02.815472,2022,7,28,12:37:02,26.0,51.0
2022-07-28 12:52:03.340825,2022,7,28,12:52:03,26.0,52.0
2022-07-28 13:07:03.866210,2022,7,28,13:07:03,26.0,52.0
2022-07-28 13:22:04.391512,2022,7,28,13:22:04,26.0,52.0
2022-07-28 13:37:04.916767,2022,7,28,13:37:04,26.0,51.0
2022-07-28 13:52:05.441993,2022,7,28,13:52:05,26.0,51.0
2022-07-28 14:07:05.967354,2022,7,28,14:07:05,26.0,51.0
2022-07-28 14:22:06.492623,2022,7,28,14:22:06,26.0,50.0
2022-07-28 14:37:07.017742,2022,7,28,14:37:07,26.0,50.0
2022-07-28 14:52:07.542949,2022,7,28,14:52:07,26.0,50.0
2022-07-28 15:07:08.068164,2022,7,28,15:07:08,26.0,50.0
2022-07-28 15:22:08.593476,2022,7,28,15:22:08,26.0,50.0
2022-07-28 15:37:09.118697,2022,7,28,15:37:09,26.0,49.0
2022-07-28 15:52:09.643957,2022,7,28,15:52:09,26.0,50.0
2022-07-28 16:07:10.169291,2022,7,28,16:07:10,26.0,49.0
2022-07-28 16:22:10.694750,2022,7,28,16:22:10,26.0,49.0
2022-07-28 16:37:11.220247,2022,7,28,16:37:11,26.0,50.0
2022-07-28 16:52:11.745441,2022,7,28,16:52:11,26.0,48.0
2022-07-28 17:07:12.270584,2022,7,28,17:07:12,27.0,48.0
2022-07-28 17:22:12.795819,2022,7,28,17:22:12,26.0,46.0
2022-07-28 17:37:13.321197,2022,7,28,17:37:13,26.0,45.0
2022-07-28 17:52:13.846779,2022,7,28,17:52:13,26.0,45.0
2022-07-28 18:07:14.371949,2022,7,28,18:07:14,26.0,42.0
2022-07-28 18:22:14.897119,2022,7,28,18:22:14,26.0,41.0
2022-07-28 18:37:15.422204,2022,7,28,18:37:15,26.0,41.0
2022-07-28 18:52:15.947319,2022,7,28,18:52:15,26.0,40.0
2022-07-28 19:07:16.472742,2022,7,28,19:07:16,26.0,42.0
2022-07-28 19:22:16.997937,2022,7,28,19:22:16,27.0,41.0
2022-07-28 19:37:17.523010,2022,7,28,19:37:17,27.0,40.0
2022-07-28 19:52:18.048200,2022,7,28,19:52:18,26.0,40.0
2022-07-28 20:07:18.573525,2022,7,28,20:07:18,26.0,41.0
2022-07-28 20:22:19.098702,2022,7,28,20:22:19,26.0,41.0
2022-07-28 20:37:19.624125,2022,7,28,20:37:19,26.0,42.0
2022-07-28 20:52:20.149625,2022,7,28,20:52:20,26.0,43.0
2022-07-28 21:07:20.675279,2022,7,28,21:07:20,26.0,43.0
2022-07-28 21:22:21.200530,2022,7,28,21:22:21,26.0,43.0
2022-07-28 21:37:21.725731,2022,7,28,21:37:21,26.0,43.0
2022-07-28 21:52:22.250954,2022,7,28,21:52:22,26.0,43.0
2022-07-28 22:07:22.776144,2022,7,28,22:07:22,26.0,43.0
2022-07-28 22:22:23.301358,2022,7,28,22:22:23,26.0,43.0
2022-07-28 22:37:23.826573,2022,7,28,22:37:23,26.0,44.0
2022-07-28 22:52:24.351903,2022,7,28,22:52:24,25.0,43.0
2022-07-28 23:07:24.877456,2022,7,28,23:07:24,25.0,43.0
2022-07-28 23:22:25.402920,2022,7,28,23:22:25,25.0,42.0
2022-07-28 23:37:25.928336,2022,7,28,23:37:25,25.0,42.0
2022-07-28 23:52:26.453809,2022,7,28,23:52:26,25.0,43.0
2022-07-29 00:07:26.979280,2022,7,29,00:07:26,25.0,43.0
2022-07-29 00:22:27.504424,2022,7,29,00:22:27,25.0,43.0
2022-07-29 00:37:28.029730,2022,7,29,00:37:28,25.0,43.0
2022-07-29 00:52:28.555119,2022,7,29,00:52:28,25.0,45.0
2022-07-29 01:07:29.080548,2022,7,29,01:07:29,25.0,45.0
2022-07-29 01:22:29.605866,2022,7,29,01:22:29,25.0,45.0
2022-07-29 01:37:30.131203,2022,7,29,01:37:30,25.0,46.0
2022-07-29 01:52:30.656423,2022,7,29,01:52:30,25.0,46.0
2022-07-29 02:07:31.181737,2022,7,29,02:07:31,24.0,46.0
2022-07-29 02:22:31.707005,2022,7,29,02:22:31,24.0,47.0
2022-07-29 02:37:32.232367,2022,7,29,02:37:32,24.0,47.0
2022-07-29 02:52:32.757886,2022,7,29,02:52:32,24.0,47.0
2022-07-29 03:07:33.283354,2022,7,29,03:07:33,24.0,47.0
2022-07-29 03:22:33.808818,2022,7,29,03:22:33,24.0,47.0
2022-07-29 03:37:34.334177,2022,7,29,03:37:34,24.0,48.0
2022-07-29 03:52:34.859487,2022,7,29,03:52:34,24.0,48.0
2022-07-29 04:07:37.912424,2022,7,29,04:07:37,24.0,49.0
2022-07-29 04:22:38.437875,2022,7,29,04:22:38,24.0,44.0
2022-07-29 04:37:38.963317,2022,7,29,04:37:38,24.0,49.0
2022-07-29 04:52:39.488753,2022,7,29,04:52:39,24.0,48.0
2022-07-29 05:07:40.014044,2022,7,29,05:07:40,24.0,48.0
2022-07-29 05:22:40.539343,2022,7,29,05:22:40,24.0,48.0
2022-07-29 05:37:41.064880,2022,7,29,05:37:41,24.0,49.0
2022-07-29 05:52:41.590098,2022,7,29,05:52:41,24.0,48.0
2022-07-29 06:07:42.115464,2022,7,29,06:07:42,24.0,49.0
2022-07-29 06:22:42.640800,2022,7,29,06:22:42,24.0,48.0
2022-07-29 06:37:43.166103,2022,7,29,06:37:43,24.0,53.0
2022-07-29 06:52:43.691415,2022,7,29,06:52:43,24.0,53.0
2022-07-29 07:07:44.216689,2022,7,29,07:07:44,24.0,53.0
2022-07-29 07:22:44.741935,2022,7,29,07:22:44,24.0,52.0
2022-07-29 07:37:45.267158,2022,7,29,07:37:45,24.0,51.0
2022-07-29 07:52:45.792585,2022,7,29,07:52:45,24.0,51.0
2022-07-29 08:07:48.848442,2022,7,29,08:07:48,25.0,51.0
2022-07-29 08:22:49.373827,2022,7,29,08:22:49,24.0,45.0
2022-07-29 08:37:49.898921,2022,7,29,08:37:49,25.0,49.0
2022-07-29 08:52:50.424143,2022,7,29,08:52:50,25.0,50.0
2022-07-29 09:07:50.949643,2022,7,29,09:07:50,25.0,49.0
2022-07-29 09:22:51.475085,2022,7,29,09:22:51,25.0,48.0
2022-07-29 09:37:52.000547,2022,7,29,09:37:52,25.0,50.0
2022-07-29 09:52:52.525715,2022,7,29,09:52:52,25.0,49.0
2022-07-29 10:07:55.577679,2022,7,29,10:07:55,26.0,48.0
2022-07-29 10:22:56.103806,2022,7,29,10:22:56,25.0,43.0
2022-07-29 10:37:56.629617,2022,7,29,10:37:56,26.0,48.0
2022-07-29 10:52:57.155114,2022,7,29,10:52:57,26.0,49.0
2022-07-29 11:07:57.680516,2022,7,29,11:07:57,26.0,49.0
2022-07-29 11:22:58.206193,2022,7,29,11:22:58,26.0,48.0
2022-07-29 11:37:58.732013,2022,7,29,11:37:58,26.0,48.0
2022-07-29 11:52:59.257785,2022,7,29,11:52:59,26.0,48.0
2022-07-29 12:07:59.783249,2022,7,29,12:07:59,26.0,47.0
2022-07-29 12:23:00.308755,2022,7,29,12:23:00,26.0,47.0
2022-07-29 12:38:00.839050,2022,7,29,12:38:00,26.0,47.0
2022-07-29 12:53:01.364815,2022,7,29,12:53:01,27.0,47.0
2022-07-29 13:08:01.890414,2022,7,29,13:08:01,27.0,47.0
2022-07-29 13:23:04.947147,2022,7,29,13:23:04,27.0,47.0
2022-07-29 13:38:05.473106,2022,7,29,13:38:05,27.0,41.0
2022-07-29 13:53:05.999157,2022,7,29,13:53:05,27.0,46.0
2022-07-29 14:08:06.524860,2022,7,29,14:08:06,27.0,46.0
2022-07-29 14:23:07.050516,2022,7,29,14:23:07,27.0,46.0
2022-07-29 14:38:07.576281,2022,7,29,14:38:07,27.0,46.0
2022-07-29 14:53:08.102130,2022,7,29,14:53:08,27.0,46.0
2022-07-29 15:08:08.628196,2022,7,29,15:08:08,27.0,46.0
2022-07-29 15:23:11.681339,2022,7,29,15:23:11,27.0,46.0
2022-07-29 15:38:12.207212,2022,7,29,15:38:12,27.0,40.0
2022-07-29 15:53:12.732669,2022,7,29,15:53:12,27.0,45.0
2022-07-29 16:08:15.785527,2022,7,29,16:08:15,28.0,46.0
2022-07-29 16:23:16.311291,2022,7,29,16:23:16,27.0,40.0
2022-07-29 16:38:16.837119,2022,7,29,16:38:16,28.0,46.0
2022-07-29 16:53:17.363137,2022,7,29,16:53:17,28.0,46.0
2022-07-29 17:08:17.889032,2022,7,29,17:08:17,28.0,46.0
2022-07-29 17:23:18.414613,2022,7,29,17:23:18,28.0,45.0
2022-07-29 17:38:18.940636,2022,7,29,17:38:18,28.0,45.0
2022-07-29 17:53:19.466658,2022,7,29,17:53:19,28.0,45.0
2022-07-29 18:08:19.992226,2022,7,29,18:08:19,28.0,45.0
2022-07-29 18:23:20.518771,2022,7,29,18:23:20,14.0,149.0
2022-07-29 18:38:21.044225,2022,7,29,18:38:21,28.0,41.0
2022-07-29 18:53:21.569622,2022,7,29,18:53:21,28.0,40.0
2022-07-29 19:08:22.095063,2022,7,29,19:08:22,28.0,40.0
2022-07-29 19:23:22.620692,2022,7,29,19:23:22,29.0,40.0
2022-07-29 19:38:23.146623,2022,7,29,19:38:23,29.0,39.0
2022-07-29 19:53:23.672017,2022,7,29,19:53:23,29.0,38.0
2022-07-29 20:08:24.197249,2022,7,29,20:08:24,29.0,38.0
2022-07-29 20:23:24.722490,2022,7,29,20:23:24,29.0,38.0
2022-07-29 20:38:25.247887,2022,7,29,20:38:25,29.0,41.0
2022-07-29 20:53:25.773247,2022,7,29,20:53:25,29.0,43.0
2022-07-29 21:08:26.298717,2022,7,29,21:08:26,29.0,45.0
2022-07-29 21:23:26.824247,2022,7,29,21:23:26,29.0,43.0
2022-07-29 21:38:27.349827,2022,7,29,21:38:27,29.0,42.0
2022-07-29 21:53:30.405764,2022,7,29,21:53:30,29.0,40.0
2022-07-29 22:08:30.931030,2022,7,29,22:08:30,29.0,34.0
2022-07-29 22:23:31.456353,2022,7,29,22:23:31,29.0,39.0
2022-07-29 22:38:31.981624,2022,7,29,22:38:31,29.0,38.0
2022-07-29 22:53:32.506915,2022,7,29,22:53:32,28.0,39.0
2022-07-29 23:08:33.032405,2022,7,29,23:08:33,28.0,38.0
2022-07-29 23:23:33.557536,2022,7,29,23:23:33,28.0,38.0
2022-07-29 23:38:34.082698,2022,7,29,23:38:34,28.0,38.0
2022-07-29 23:53:34.607972,2022,7,29,23:53:34,27.0,38.0
2022-07-30 00:08:35.133297,2022,7,30,00:08:35,27.0,38.0
2022-07-30 00:23:35.658713,2022,7,30,00:23:35,27.0,39.0
2022-07-30 00:38:36.183935,2022,7,30,00:38:36,27.0,39.0
2022-07-30 00:53:36.708993,2022,7,30,00:53:36,27.0,40.0
2022-07-30 01:08:37.234327,2022,7,30,01:08:37,27.0,40.0
2022-07-30 01:23:37.759630,2022,7,30,01:23:37,27.0,40.0
2022-07-30 01:38:38.284890,2022,7,30,01:38:38,27.0,40.0
2022-07-30 01:53:38.810184,2022,7,30,01:53:38,27.0,41.0
2022-07-30 02:08:39.335288,2022,7,30,02:08:39,27.0,40.0
2022-07-30 02:23:39.860387,2022,7,30,02:23:39,27.0,41.0
2022-07-30 02:38:40.385674,2022,7,30,02:38:40,26.0,41.0
2022-07-30 02:53:40.910859,2022,7,30,02:53:40,26.0,41.0
2022-07-30 03:08:41.436054,2022,7,30,03:08:41,26.0,41.0
2022-07-30 03:23:41.961223,2022,7,30,03:23:41,26.0,42.0
2022-07-30 03:38:45.017365,2022,7,30,03:38:45,26.0,43.0
2022-07-30 03:53:45.542847,2022,7,30,03:53:45,26.0,37.0
2022-07-30 04:08:46.068333,2022,7,30,04:08:46,26.0,43.0
2022-07-30 04:23:46.593634,2022,7,30,04:23:46,26.0,44.0
2022-07-30 04:38:47.118809,2022,7,30,04:38:47,26.0,45.0
2022-07-30 04:53:47.643945,2022,7,30,04:53:47,26.0,45.0
2022-07-30 05:08:48.169145,2022,7,30,05:08:48,26.0,46.0
2022-07-30 05:23:51.222397,2022,7,30,05:23:51,25.0,46.0
2022-07-30 05:38:51.747733,2022,7,30,05:38:51,25.0,41.0
2022-07-30 05:53:52.273294,2022,7,30,05:53:52,25.0,46.0
2022-07-30 06:08:52.798754,2022,7,30,06:08:52,25.0,46.0
2022-07-30 06:23:53.324238,2022,7,30,06:23:53,26.0,49.0
2022-07-30 06:38:53.849865,2022,7,30,06:38:53,26.0,51.0
2022-07-30 06:53:54.375356,2022,7,30,06:53:54,26.0,49.0
2022-07-30 07:08:54.900762,2022,7,30,07:08:54,26.0,49.0
2022-07-30 07:23:55.426213,2022,7,30,07:23:55,26.0,47.0
2022-07-30 07:38:55.951816,2022,7,30,07:38:55,26.0,47.0
2022-07-30 07:53:56.477477,2022,7,30,07:53:56,27.0,46.0
2022-07-30 08:08:57.003441,2022,7,30,08:08:57,27.0,46.0
2022-07-30 08:23:57.528948,2022,7,30,08:23:57,27.0,47.0
2022-07-30 08:39:00.582323,2022,7,30,08:39:00,27.0,52.0
2022-07-30 08:54:01.107890,2022,7,30,08:54:01,27.0,47.0
2022-07-30 09:09:04.160737,2022,7,30,09:09:04,27.0,49.0
2022-07-30 09:24:04.686213,2022,7,30,09:24:04,27.0,44.0
2022-07-30 09:39:05.211622,2022,7,30,09:39:05,28.0,49.0
2022-07-30 09:54:05.737013,2022,7,30,09:54:05,28.0,48.0
2022-07-30 10:09:06.262959,2022,7,30,10:09:06,28.0,47.0
2022-07-30 10:24:06.788468,2022,7,30,10:24:06,28.0,47.0
2022-07-30 10:39:07.314162,2022,7,30,10:39:07,28.0,46.0
2022-07-30 10:54:07.839957,2022,7,30,10:54:07,28.0,45.0
2022-07-30 11:09:08.366017,2022,7,30,11:09:08,27.0,45.0
2022-07-30 11:24:08.891919,2022,7,30,11:24:08,27.0,45.0
2022-07-30 11:39:09.417742,2022,7,30,11:39:09,28.0,45.0
2022-07-30 11:54:09.943667,2022,7,30,11:54:09,27.0,43.0
2022-07-30 12:09:10.469556,2022,7,30,12:09:10,27.0,44.0
2022-07-30 12:24:10.995027,2022,7,30,12:24:10,27.0,44.0
2022-07-30 12:39:11.520555,2022,7,30,12:39:11,27.0,44.0
2022-07-30 12:54:12.046011,2022,7,30,12:54:12,28.0,45.0
2022-07-30 13:09:12.571563,2022,7,30,13:09:12,28.0,44.0
2022-07-30 13:24:13.097154,2022,7,30,13:24:13,28.0,45.0
2022-07-30 13:39:13.622817,2022,7,30,13:39:13,28.0,46.0
2022-07-30 13:54:14.148447,2022,7,30,13:54:14,28.0,46.0
2022-07-30 14:09:17.204580,2022,7,30,14:09:17,28.0,46.0
2022-07-30 14:24:17.730212,2022,7,30,14:24:17,28.0,40.0
2022-07-30 14:39:18.255693,2022,7,30,14:39:18,29.0,44.0
2022-07-30 14:54:18.781029,2022,7,30,14:54:18,28.0,44.0
2022-07-30 15:09:19.306648,2022,7,30,15:09:19,28.0,45.0
2022-07-30 15:24:19.832375,2022,7,30,15:24:19,28.0,45.0
2022-07-30 15:39:20.358080,2022,7,30,15:39:20,28.0,44.0
2022-07-30 15:54:20.883716,2022,7,30,15:54:20,28.0,45.0
2022-07-30 16:09:21.409257,2022,7,30,16:09:21,29.0,46.0
2022-07-30 16:24:21.934881,2022,7,30,16:24:21,29.0,45.0
2022-07-30 16:39:22.460470,2022,7,30,16:39:22,29.0,44.0
2022-07-30 16:54:22.986250,2022,7,30,16:54:22,29.0,46.0
2022-07-30 17:09:23.512394,2022,7,30,17:09:23,29.0,45.0
2022-07-30 17:24:24.038137,2022,7,30,17:24:24,29.0,45.0
2022-07-30 17:39:24.564043,2022,7,30,17:39:24,29.0,45.0
2022-07-30 17:54:25.090296,2022,7,30,17:54:25,29.0,46.0
2022-07-30 18:09:25.615574,2022,7,30,18:09:25,29.0,47.0
2022-07-30 18:24:26.140671,2022,7,30,18:24:26,30.0,48.0
2022-07-30 18:39:26.666159,2022,7,30,18:39:26,30.0,47.0
2022-07-30 18:54:27.191871,2022,7,30,18:54:27,30.0,46.0
2022-07-30 19:09:27.717533,2022,7,30,19:09:27,30.0,45.0
2022-07-30 19:24:28.243327,2022,7,30,19:24:28,30.0,45.0
2022-07-30 19:39:28.768761,2022,7,30,19:39:28,30.0,45.0
2022-07-30 19:54:29.294257,2022,7,30,19:54:29,30.0,45.0
2022-07-30 20:09:29.819713,2022,7,30,20:09:29,30.0,44.0
2022-07-30 20:24:30.345229,2022,7,30,20:24:30,30.0,46.0
2022-07-30 20:39:30.870826,2022,7,30,20:39:30,30.0,44.0
2022-07-30 20:54:31.396374,2022,7,30,20:54:31,30.0,43.0
2022-07-30 21:09:31.921786,2022,7,30,21:09:31,30.0,43.0
2022-07-30 21:24:32.447422,2022,7,30,21:24:32,30.0,43.0
2022-07-30 21:39:32.972997,2022,7,30,21:39:32,30.0,45.0
2022-07-30 21:54:33.498398,2022,7,30,21:54:33,15.0,150.0
2022-07-30 22:09:34.023732,2022,7,30,22:09:34,30.0,45.0
2022-07-30 22:24:34.549054,2022,7,30,22:24:34,30.0,45.0
2022-07-30 22:39:37.602061,2022,7,30,22:39:37,29.0,46.0
2022-07-30 22:54:38.127440,2022,7,30,22:54:38,29.0,40.0
2022-07-30 23:09:38.652730,2022,7,30,23:09:38,30.0,47.0
2022-07-30 23:24:39.178124,2022,7,30,23:24:39,29.0,47.0
2022-07-30 23:39:39.703695,2022,7,30,23:39:39,29.0,47.0
2022-07-30 23:54:40.229129,2022,7,30,23:54:40,29.0,47.0
2022-07-31 00:09:43.282183,2022,7,31,00:09:43,29.0,47.0
2022-07-31 00:24:43.807823,2022,7,31,00:24:43,29.0,42.0
2022-07-31 00:39:44.333217,2022,7,31,00:39:44,29.0,48.0
2022-07-31 00:54:44.858516,2022,7,31,00:54:44,29.0,48.0
2022-07-31 01:09:45.383967,2022,7,31,01:09:45,29.0,47.0
2022-07-31 01:24:45.909201,2022,7,31,01:24:45,29.0,48.0
2022-07-31 01:39:46.434580,2022,7,31,01:39:46,29.0,48.0
2022-07-31 01:54:46.959712,2022,7,31,01:54:46,14.0,152.0
2022-07-31 02:09:47.484944,2022,7,31,02:09:47,29.0,48.0
2022-07-31 02:24:48.010132,2022,7,31,02:24:48,29.0,48.0
2022-07-31 02:39:48.535562,2022,7,31,02:39:48,29.0,48.0
2022-07-31 02:54:49.061105,2022,7,31,02:54:49,29.0,48.0
2022-07-31 03:09:49.586623,2022,7,31,03:09:49,29.0,47.0
2022-07-31 03:24:50.111897,2022,7,31,03:24:50,29.0,47.0
2022-07-31 03:39:50.637170,2022,7,31,03:39:50,28.0,47.0
2022-07-31 03:54:51.162236,2022,7,31,03:54:51,28.0,48.0
2022-07-31 04:09:51.687636,2022,7,31,04:09:51,28.0,48.0
2022-07-31 04:24:52.213135,2022,7,31,04:24:52,28.0,49.0
2022-07-31 04:39:52.738638,2022,7,31,04:39:52,28.0,49.0
2022-07-31 04:54:53.264089,2022,7,31,04:54:53,27.0,48.0
2022-07-31 05:09:53.789342,2022,7,31,05:09:53,27.0,48.0
2022-07-31 05:24:54.314511,2022,7,31,05:24:54,27.0,49.0
2022-07-31 05:39:54.839721,2022,7,31,05:39:54,27.0,48.0
2022-07-31 05:54:55.365086,2022,7,31,05:54:55,27.0,49.0
2022-07-31 06:09:55.890538,2022,7,31,06:09:55,27.0,49.0
2022-07-31 06:24:56.415799,2022,7,31,06:24:56,27.0,48.0
2022-07-31 06:39:56.941118,2022,7,31,06:39:56,27.0,49.0
2022-07-31 06:54:57.466393,2022,7,31,06:54:57,27.0,49.0
2022-07-31 07:09:57.992885,2022,7,31,07:09:57,27.0,49.0
2022-07-31 07:24:58.518442,2022,7,31,07:24:58,27.0,48.0
2022-07-31 07:39:59.044305,2022,7,31,07:39:59,27.0,49.0
2022-07-31 07:54:59.569848,2022,7,31,07:54:59,27.0,49.0
2022-07-31 08:10:00.095169,2022,7,31,08:10:00,27.0,50.0
2022-07-31 08:25:00.620403,2022,7,31,08:25:00,27.0,53.0
2022-07-31 08:40:01.145874,2022,7,31,08:40:01,28.0,53.0
2022-07-31 08:55:01.671198,2022,7,31,08:55:01,14.0,154.0
2022-07-31 09:10:02.196564,2022,7,31,09:10:02,28.0,52.0
2022-07-31 09:25:02.721981,2022,7,31,09:25:02,28.0,51.0
2022-07-31 09:40:03.247622,2022,7,31,09:40:03,28.0,51.0
2022-07-31 09:55:03.773218,2022,7,31,09:55:03,28.0,51.0
2022-07-31 10:10:04.298604,2022,7,31,10:10:04,28.0,52.0
2022-07-31 10:25:04.824072,2022,7,31,10:25:04,28.0,52.0
2022-07-31 10:40:05.349598,2022,7,31,10:40:05,28.0,53.0
2022-07-31 10:55:05.874968,2022,7,31,10:55:05,28.0,53.0
2022-07-31 11:10:06.400323,2022,7,31,11:10:06,28.0,54.0
2022-07-31 11:25:09.456062,2022,7,31,11:25:09,28.0,54.0
2022-07-31 11:40:09.981439,2022,7,31,11:40:09,28.0,49.0
2022-07-31 11:55:10.506606,2022,7,31,11:55:10,28.0,54.0
2022-07-31 12:10:11.031715,2022,7,31,12:10:11,28.0,53.0
2022-07-31 12:25:14.084667,2022,7,31,12:25:14,28.0,55.0
2022-07-31 12:40:14.610051,2022,7,31,12:40:14,28.0,50.0
2022-07-31 12:55:15.135447,2022,7,31,12:55:15,28.0,56.0
2022-07-31 13:10:15.660592,2022,7,31,13:10:15,28.0,54.0
2022-07-31 13:25:16.185797,2022,7,31,13:25:16,28.0,54.0
2022-07-31 13:40:16.711198,2022,7,31,13:40:16,28.0,55.0
2022-07-31 13:55:17.236580,2022,7,31,13:55:17,28.0,56.0
2022-07-31 14:10:17.762055,2022,7,31,14:10:17,28.0,57.0
2022-07-31 14:25:18.287667,2022,7,31,14:25:18,28.0,58.0
2022-07-31 14:40:18.812988,2022,7,31,14:40:18,29.0,59.0
2022-07-31 14:55:19.338458,2022,7,31,14:55:19,29.0,59.0
2022-07-31 15:10:19.863993,2022,7,31,15:10:19,29.0,60.0
2022-07-31 15:25:20.389387,2022,7,31,15:25:20,29.0,60.0
2022-07-31 15:40:20.914781,2022,7,31,15:40:20,29.0,59.0
2022-07-31 15:55:21.440344,2022,7,31,15:55:21,29.0,57.0
2022-07-31 16:10:21.965913,2022,7,31,16:10:21,29.0,54.0
2022-07-31 16:25:22.491488,2022,7,31,16:25:22,29.0,53.0
2022-07-31 16:40:23.016733,2022,7,31,16:40:23,30.0,52.0
2022-07-31 16:55:23.541958,2022,7,31,16:55:23,30.0,52.0
2022-07-31 17:10:24.067157,2022,7,31,17:10:24,30.0,52.0
2022-07-31 17:25:24.592948,2022,7,31,17:25:24,30.0,52.0
2022-07-31 17:40:25.118508,2022,7,31,17:40:25,30.0,52.0
